Date,Ticker,Open,High,Low,Close,Volume
2026-07-30,AAPL,333.1,334.75,329.59,333.43,74817800
2026-07-31,AAPL,304.81,310.69,300.0,308.91,132489100
2026-08-03,AAPL,309.3132,311.5313,302.2993,303.1586,75052000
2026-08-04,AAPL,302.4691,310.1525,301.0604,309.1134,68001000
2026-08-05,AAPL,309.0934,311.4414,305.4066,310.732,49438800
2026-08-06,AAPL,314.0691,316.0175,308.9636,312.1408,46139900
2026-08-07,AAPL,311.1816,314.5387,310.4722,313.06,34437200
2026-08-10,AAPL,306.83,308.26,304.61,308.26,44812500
2026-08-11,AAPL,307.75,309.97,302.79,304.91,37476700
2026-08-12,AAPL,305.1,305.66,300.57,302.25,41657800
2026-08-13,AAPL,304.21,306.0,302.05,305.26,40349300
2026-08-14,AAPL,306.0,307.49,304.3,305.93,28229400
2026-08-17,AAPL,306.21,307.66,302.94,305.59,38169300
2026-08-18,AAPL,307.58,311.49,305.74,310.03,53424500
2026-08-19,AAPL,310.14,319.28,309.6,316.83,50505600
2026-08-20,AAPL,317.46,320.28,310.65,311.3,40959200
2026-08-21,AAPL,312.05,312.38,307.01,309.35,46876800
2026-08-24,AAPL,311.47,313.36,309.97,310.34,34673600
2026-08-25,AAPL,310.79,313.59,308.21,309.9,25869800
2026-08-26,AAPL,310.3,315.43,308.8,313.45,34024500
2026-08-27,AAPL,310.55,315.4,309.4,314.58,32364000
2026-08-03,ABBV,251.45,256.2,244.44,245.1,7435600
2026-08-04,ABBV,246.74,246.91,242.39,243.8,8028800
2026-08-05,ABBV,247.0,249.38,243.76,246.2,5193700
2026-08-06,ABBV,249.04,249.95,241.2,243.87,4570200
2026-08-07,ABBV,243.62,246.76,241.95,246.04,4930700
2026-08-10,ABBV,245.65,248.01,244.03,247.97,4209500
2026-08-11,ABBV,248.14,250.77,247.18,250.09,4485200
2026-08-12,ABBV,245.98,250.09,245.52,248.76,3780500
2026-08-13,ABBV,252.94,255.3,249.35,250.82,4370400
2026-08-14,ABBV,250.6,250.61,247.68,249.46,4195000
2026-08-17,ABBV,249.49,251.49,248.31,250.33,4648600
2026-08-18,ABBV,253.93,259.18,252.41,258.92,5010200
2026-08-19,ABBV,261.51,266.97,259.55,265.97,5536000
2026-08-20,ABBV,265.69,265.93,260.48,261.83,5228900
2026-08-21,ABBV,260.7,266.84,260.1,264.96,5157200
2026-08-24,ABBV,263.99,266.04,262.07,264.52,3883600
2026-08-25,ABBV,264.5,266.91,263.03,265.79,3671000
2026-08-26,ABBV,264.6,265.0,260.31,262.9,3305100
2026-08-27,ABBV,260.81,262.5,257.25,258.15,4761900
2026-08-03,ADBE,258.25,262.15,251.17,251.34,4293800
2026-08-04,ADBE,248.67,258.54,245.46,257.49,4203000
2026-08-05,ADBE,260.07,261.01,255.56,259.32,4285500
2026-08-06,ADBE,252.23,260.64,250.84,260.24,4700600
2026-08-07,ADBE,262.82,270.16,261.29,265.21,4752600
2026-08-10,ADBE,263.06,273.13,262.14,272.96,4052600
2026-08-11,ADBE,270.48,272.23,262.68,263.71,4675200
2026-08-12,ADBE,258.45,263.26,255.1,258.75,4191700
2026-08-13,ADBE,261.61,271.88,255.85,270.49,5201600
2026-08-14,ADBE,273.22,273.4,261.67,264.02,2876300
2026-08-17,ADBE,259.9,261.65,251.2,254.04,3871100
2026-08-18,ADBE,259.83,267.39,258.19,263.14,4774100
2026-08-19,ADBE,262.19,275.8,261.67,272.47,5541800
2026-08-20,ADBE,272.73,274.25,269.66,272.22,2631400
2026-08-21,ADBE,272.37,277.1,269.92,275.3,4343100
2026-08-24,ADBE,275.0,279.0,273.25,276.27,3593200
2026-08-25,ADBE,270.76,275.91,269.28,273.92,3137600
2026-08-26,ADBE,265.19,274.6,265.04,273.47,3630300
2026-08-27,ADBE,279.16,291.18,278.37,289.15,6521600
2026-08-03,ADI,363.0,365.73,353.11,361.88,3743100
2026-08-04,ADI,372.39,382.48,368.91,380.29,5082700
2026-08-05,ADI,379.49,384.13,374.64,377.69,2853300
2026-08-06,ADI,375.25,384.4,373.0,377.31,3581300
2026-08-07,ADI,386.73,392.2,385.0,389.93,2837500
2026-08-10,ADI,392.84,394.04,383.83,383.93,2800400
2026-08-11,ADI,389.98,394.16,384.71,385.3,2360900
2026-08-12,ADI,396.22,396.26,383.61,384.43,2764300
2026-08-13,ADI,387.44,389.7,380.51,381.17,2864300
2026-08-14,ADI,381.98,389.45,380.12,389.39,2115600
2026-08-17,ADI,391.54,396.95,389.75,390.28,3122800
2026-08-18,ADI,381.36,385.9,370.23,376.63,5779100
2026-08-19,ADI,378.55,383.4,369.73,373.26,6308300
2026-08-20,ADI,376.92,384.95,369.64,370.24,3498600
2026-08-21,ADI,374.72,378.64,371.46,373.09,5456800
2026-08-24,ADI,372.72,373.0,362.35,371.17,4755000
2026-08-25,ADI,376.24,377.48,367.29,373.66,3739900
2026-08-26,ADI,374.87,377.49,370.74,371.8,2178700
2026-08-27,ADI,374.5,376.88,368.03,374.52,3894100
2026-08-03,AEP,127.1321,127.9062,125.4152,127.3504,4882900
2026-08-04,AEP,127.0725,127.8566,125.3159,127.3802,3964300
2026-08-05,AEP,127.9161,127.9161,123.5593,125.5144,7312200
2026-08-06,AEP,127.013,127.3306,123.3707,124.3136,3088700
2026-08-07,AEP,124.0456,125.4152,123.2616,124.78,4311300
2026-08-10,AEP,125.05,125.68,122.25,122.84,4659100
2026-08-11,AEP,122.53,123.82,122.28,123.58,2694900
2026-08-12,AEP,123.62,124.71,123.41,124.65,2359400
2026-08-13,AEP,124.74,125.9,124.57,125.38,2246700
2026-08-14,AEP,124.87,126.0,124.86,125.6,2360200
2026-08-17,AEP,124.88,126.68,124.78,126.53,2923000
2026-08-18,AEP,128.18,128.62,126.15,126.35,2919500
2026-08-19,AEP,127.36,127.43,125.23,126.27,2690800
2026-08-20,AEP,126.19,127.54,125.67,125.7,3358700
2026-08-21,AEP,126.15,126.17,120.52,120.94,5246800
2026-08-24,AEP,121.11,122.28,120.06,121.98,3890500
2026-08-25,AEP,121.98,123.16,121.75,122.77,3187800
2026-08-26,AEP,122.92,124.09,122.72,123.36,3772900
2026-08-27,AEP,122.24,123.02,121.64,122.71,2714900
2026-08-03,ALNY,208.04,220.49,208.04,220.33,3399800
2026-08-04,ALNY,220.33,222.59,215.07,219.0,3107600
2026-08-05,ALNY,221.74,229.65,221.5,228.72,2734600
2026-08-06,ALNY,228.58,234.0,212.98,216.12,2274600
2026-08-07,ALNY,217.31,219.64,210.49,219.2,1735900
2026-08-10,ALNY,218.0,223.5,215.61,216.98,1404800
2026-08-11,ALNY,217.41,223.44,216.5,221.2,1438200
2026-08-12,ALNY,219.0,224.66,219.0,223.95,1621200
2026-08-13,ALNY,225.95,227.54,222.7,227.12,1449400
2026-08-14,ALNY,223.52,228.98,220.23,228.65,1525800
2026-08-17,ALNY,225.76,227.99,222.12,224.6,1539200
2026-08-18,ALNY,226.27,230.91,222.01,228.61,1600200
2026-08-19,ALNY,234.36,244.03,233.4,242.61,1879100
2026-08-20,ALNY,239.0,240.88,228.74,229.3,1701700
2026-08-21,ALNY,228.88,238.97,228.34,236.22,1902200
2026-08-24,ALNY,235.83,237.91,228.59,236.01,2134900
2026-08-25,ALNY,236.56,240.67,235.41,240.08,1576200
2026-08-26,ALNY,238.54,242.89,236.6,239.0,1116200
2026-08-27,ALNY,236.56,238.0,230.46,236.56,1293200
2026-08-03,AMAT,498.86,519.5,491.68,518.21,5978900
2026-08-04,AMAT,544.65,549.67,535.55,546.62,7971700
2026-08-05,AMAT,544.51,554.08,530.57,534.24,5358100
2026-08-06,AMAT,525.34,539.5,511.05,527.48,4173200
2026-08-07,AMAT,539.59,545.94,528.0,539.14,4555000
2026-08-10,AMAT,555.0,555.32,521.57,522.12,7019400
2026-08-11,AMAT,539.99,539.99,522.66,525.61,6973800
2026-08-12,AMAT,548.0,553.75,544.9,548.15,7495000
2026-08-13,AMAT,548.2238,563.1578,531.2219,533.969,12963300
2026-08-14,AMAT,498.8666,522.4414,496.569,506.6382,13132300
2026-08-17,AMAT,517.4467,539.2334,514.5698,534.7382,9624100
2026-08-18,AMAT,506.8281,516.278,497.1984,513.7806,8611900
2026-08-19,AMAT,507.8669,512.9315,488.0281,495.64,6571200
2026-08-20,AMAT,489.58,499.89,487.47,496.21,6604500
2026-08-21,AMAT,503.0,503.5,483.13,492.32,5526800
2026-08-24,AMAT,481.88,489.74,473.67,484.19,9264700
2026-08-25,AMAT,490.06,492.3,475.88,480.04,5185200
2026-08-26,AMAT,479.74,480.67,472.4,479.76,5193000
2026-08-27,AMAT,481.5,484.98,471.0,482.36,6285600
2026-08-03,AMD,461.79,490.95,455.3,484.64,24422300
2026-08-04,AMD,504.0,530.13,502.2,518.58,48463600
2026-08-05,AMD,484.5,502.0,478.2,482.05,49615800
2026-08-06,AMD,471.75,496.72,469.5,489.28,24675300
2026-08-07,AMD,497.94,498.99,476.06,483.36,26618800
2026-08-10,AMD,477.09,483.36,469.29,469.56,19656600
2026-08-11,AMD,474.75,475.99,463.21,474.32,18052500
2026-08-12,AMD,488.32,491.69,480.88,482.93,18628300
2026-08-13,AMD,483.0,497.99,481.0,483.01,18764900
2026-08-14,AMD,487.6,514.67,483.2,514.39,25570300
2026-08-17,AMD,514.16,517.35,504.52,506.0,20057600
2026-08-18,AMD,487.56,491.81,474.98,484.39,23721500
2026-08-19,AMD,486.08,487.01,462.55,466.42,19208400
2026-08-20,AMD,465.67,475.53,460.27,469.46,15178900
2026-08-21,AMD,476.5,477.36,462.11,473.25,14343900
2026-08-24,AMD,468.54,468.54,451.0,456.75,16602200
2026-08-25,AMD,474.2,481.5,469.07,479.18,19001400
2026-08-26,AMD,475.07,491.12,474.58,480.93,14348100
2026-08-27,AMD,481.5,483.0,469.63,476.67,16403600
2026-08-03,AMGN,388.5,391.03,375.96,378.87,3443100
2026-08-04,AMGN,380.76,390.92,376.02,390.02,3622700
2026-08-05,AMGN,393.36,416.24,391.0,407.83,5750700
2026-08-06,AMGN,413.72,418.4,401.2,404.85,2609000
2026-08-07,AMGN,404.09,411.6,401.07,410.95,1821500
2026-08-10,AMGN,408.46,417.36,406.42,417.2,1959700
2026-08-11,AMGN,415.52,421.79,412.2,414.3,2029700
2026-08-12,AMGN,413.31,418.19,409.0,416.18,2065500
2026-08-13,AMGN,419.92,420.26,415.78,417.84,2777900
2026-08-14,AMGN,411.356,413.6128,408.115,412.7976,2036800
2026-08-17,AMGN,410.5806,417.1621,408.0155,416.9434,2880500
2026-08-18,AMGN,419.1902,424.9068,418.2756,422.8091,2591400
2026-08-19,AMGN,427.7402,440.625,426.8853,439.7898,2544000
2026-08-20,AMGN,433.2481,438.7758,428.5654,431.21,2914300
2026-08-21,AMGN,431.72,440.51,429.38,439.33,2114300
2026-08-24,AMGN,440.31,445.87,435.51,443.84,2463300
2026-08-25,AMGN,443.26,447.03,441.26,442.24,2100900
2026-08-26,AMGN,441.0,442.89,438.24,440.34,2289000
2026-08-27,AMGN,433.08,442.13,431.01,436.99,1761500
2026-07-30,AMZN,233.35,239.82,231.06,235.5,101839800
2026-07-31,AMZN,265.0,273.23,262.01,271.58,129054800
2026-08-03,AMZN,278.29,287.2,278.0,284.02,90830200
2026-08-04,AMZN,276.06,281.07,275.82,277.42,69748100
2026-08-05,AMZN,281.59,282.79,270.73,272.65,45119800
2026-08-06,AMZN,272.77,275.48,271.06,272.26,30672900
2026-08-07,AMZN,272.87,278.31,272.75,274.48,33861400
2026-08-10,AMZN,274.01,280.14,273.6,278.09,35731900
2026-08-11,AMZN,278.69,278.84,271.36,272.27,31895700
2026-08-12,AMZN,273.18,273.46,267.1,267.28,29941100
2026-08-13,AMZN,267.24,269.58,264.71,265.13,32170200
2026-08-14,AMZN,264.88,265.81,262.42,262.65,27251700
2026-08-17,AMZN,265.44,265.75,258.34,261.31,43896500
2026-08-18,AMZN,260.63,262.18,257.73,259.45,33171300
2026-08-19,AMZN,260.85,266.4,258.58,265.84,35762400
2026-08-20,AMZN,263.16,263.84,259.52,260.11,28374100
2026-08-21,AMZN,260.74,261.09,257.04,258.63,35723000
2026-08-24,AMZN,259.6,263.32,259.05,262.07,28070500
2026-08-25,AMZN,262.51,263.89,259.83,261.06,25550200
2026-08-26,AMZN,261.28,262.05,258.24,260.28,21528400
2026-08-27,AMZN,259.23,259.66,255.02,256.26,35852900
2026-08-03,ANET,174.42,186.57,173.45,184.89,8335700
2026-08-04,ANET,187.7,194.35,187.011,190.51,14097400
2026-08-05,ANET,210.19,214.89,191.01,197.31,20227000
2026-08-06,ANET,192.41,197.11,189.43,192.32,7774600
2026-08-07,ANET,198.0,198.0,187.5,188.67,7208500
2026-08-10,ANET,192.49,195.7,187.03,191.52,5434100
2026-08-11,ANET,194.565,198.92,190.48,197.85,6277300
2026-08-12,ANET,205.47,211.45,203.76,210.5,10008600
2026-08-13,ANET,209.79,210.11,203.55,203.62,7907800
2026-08-14,ANET,205.27,205.27,198.245,198.82,4707400
2026-08-17,ANET,201.16,202.265,198.34,201.8,5683900
2026-08-18,ANET,196.0,197.99,189.67,193.18,8886900
2026-08-19,ANET,195.04,195.5,184.51,186.45,5740500
2026-08-20,ANET,185.31,187.28,182.83,183.75,4207300
2026-08-21,ANET,183.77,190.44,183.59,188.65,8123600
2026-08-24,ANET,186.0,190.25,186.0,188.15,5306400
2026-08-25,ANET,192.34,193.15,188.06,190.94,4385100
2026-08-26,ANET,190.905,203.36,190.905,202.25,7664600
2026-08-27,ANET,205.9,206.13,199.215,201.09,4692700
2026-08-03,ARGX,838.99,841.89,826.445,830.79,257800
2026-08-04,ARGX,840.76,850.355,832.71,844.5,264400
2026-08-05,ARGX,868.63,878.72,855.14,867.94,358800
2026-08-06,ARGX,875.66,884.75,863.88,875.3,227100
2026-08-07,ARGX,890.47,894.03,862.6,865.04,250000
2026-08-10,ARGX,867.55,887.41,860.0,866.11,361400
2026-08-11,ARGX,873.91,876.38,855.79,864.74,476400
2026-08-12,ARGX,858.54,881.44,857.52,876.0,172600
2026-08-13,ARGX,878.94,878.94,856.29,856.94,171400
2026-08-14,ARGX,845.36,852.08,837.42,851.29,278700
2026-08-17,ARGX,927.33,1002.157,925.62,987.84,684000
2026-08-18,ARGX,988.49,1009.745,980.45,992.99,333900
2026-08-19,ARGX,1020.51,1035.09,1011.95,1032.86,390900
2026-08-20,ARGX,1019.16,1039.3,1018.98,1038.12,258300
2026-08-21,ARGX,1034.98,1058.6899,1029.46,1039.78,377200
2026-08-24,ARGX,1023.76,1031.1801,1001.505,1011.11,318400
2026-08-25,ARGX,1020.29,1030.36,1013.75,1019.49,142200
2026-08-26,ARGX,1033.83,1057.91,1032.85,1047.1,361900
2026-08-27,ARGX,1053.47,1061.5699,1044.76,1058.9,322500
2026-08-03,ARM,230.01,241.9,219.39,239.06,6049200
2026-08-04,ARM,253.4,283.269,251.1,280.56,9892200
2026-08-05,ARM,274.56,281.59,268.62,274.58,4439300
2026-08-06,ARM,267.03,295.57,266.88,286.68,4375100
2026-08-07,ARM,298.965,299.285,275.0,282.57,3831200
2026-08-10,ARM,281.26,282.8,267.31,267.85,3182800
2026-08-11,ARM,273.1,273.39,265.37,268.93,3176900
2026-08-12,ARM,279.96,280.16,266.592,271.87,3368900
2026-08-13,ARM,266.99,290.21,266.241,278.65,4798400
2026-08-14,ARM,278.23,281.67,274.455,279.44,2102000
2026-08-17,ARM,285.0,287.15,271.28,271.43,3713800
2026-08-18,ARM,257.0,258.5,247.6,253.32,6370300
2026-08-19,ARM,257.0,268.0,241.5,249.34,4330500
2026-08-20,ARM,246.4,251.23,242.28,250.72,2812400
2026-08-21,ARM,253.46,255.93,242.5,243.32,3687200
2026-08-24,ARM,236.34,240.25,233.29,238.78,3305700
2026-08-25,ARM,244.81,247.99,240.34,241.56,3485400
2026-08-26,ARM,240.29,253.0,238.5,251.06,4092200
2026-08-27,ARM,255.46,267.69,249.465,255.21,4869000
2026-08-03,ASML,1609.6899,1655.2,1582.0,1642.52,1437400
2026-08-04,ASML,1700.04,1717.5601,1686.01,1711.89,1526700
2026-08-05,ASML,1700.42,1729.0601,1671.75,1678.22,1221000
2026-08-06,ASML,1695.39,1735.53,1672.11,1704.37,1072500
2026-08-07,ASML,1759.71,1761.3101,1720.11,1740.99,1064900
2026-08-10,ASML,1793.01,1794.47,1732.8101,1733.48,1107000
2026-08-11,ASML,1793.9301,1819.59,1778.3199,1799.38,1479700
2026-08-12,ASML,1832.63,1845.0,1807.38,1810.0699,1388800
2026-08-13,ASML,1819.0699,1873.6899,1813.3,1847.9,1237900
2026-08-14,ASML,1839.1899,1853.3199,1820.41,1844.08,929000
2026-08-17,ASML,1871.6801,1896.35,1860.12,1883.12,1285400
2026-08-18,ASML,1809.0,1820.41,1775.7,1802.98,1509300
2026-08-19,ASML,1797.72,1804.28,1748.85,1751.73,1463600
2026-08-20,ASML,1743.76,1775.8199,1741.02,1750.3101,825400
2026-08-21,ASML,1763.51,1771.0,1741.0,1763.76,972400
2026-08-24,ASML,1761.5601,1761.98,1727.5699,1740.13,1202000
2026-08-25,ASML,1759.15,1769.99,1735.87,1744.16,808900
2026-08-26,ASML,1746.33,1761.71,1732.35,1745.64,873500
2026-08-27,ASML,1746.53,1751.78,1719.11,1735.01,1027200
2026-08-03,ATO,171.96,174.22,171.53,172.89,812400
2026-08-04,ATO,172.6,173.71,170.0,172.65,1348100
2026-08-05,ATO,172.18,172.58,170.46,172.2,1279600
2026-08-06,ATO,173.35,173.6,170.87,171.98,1127300
2026-08-07,ATO,170.96,172.3,169.7,170.19,907500
2026-08-10,ATO,172.27,172.27,167.15,167.92,898700
2026-08-11,ATO,167.79,169.48,167.24,169.21,909600
2026-08-12,ATO,169.06,170.36,168.13,169.59,1270400
2026-08-13,ATO,170.3,172.09,169.4,169.96,1316100
2026-08-14,ATO,169.5,170.28,169.12,169.92,1285300
2026-08-17,ATO,169.4483,170.492,167.8877,168.8817,1548100
2026-08-18,ATO,171.0387,171.6947,169.2992,169.4881,825800
2026-08-19,ATO,170.3727,171.1381,169.3688,170.2833,916200
2026-08-20,ATO,169.7266,172.0924,169.3489,169.498,1128000
2026-08-21,ATO,171.0884,171.0884,165.85,165.85,1072200
2026-08-24,ATO,166.35,167.97,166.03,167.82,795700
2026-08-25,ATO,167.94,168.43,167.1,167.56,971400
2026-08-26,ATO,167.74,169.63,166.5,169.46,739200
2026-08-27,ATO,168.07,168.07,166.41,167.22,825000
2026-08-03,AVGO,384.41,392.61,374.61,392.23,17315100
2026-08-04,AVGO,402.97,422.07,400.68,418.16,29564200
2026-08-05,AVGO,421.7,427.0,416.89,418.28,16880400
2026-08-06,AVGO,420.55,428.03,410.76,420.57,13907500
2026-08-07,AVGO,428.4,430.84,421.61,427.76,14698300
2026-08-10,AVGO,426.99,432.73,420.16,422.4,13854100
2026-08-11,AVGO,426.07,426.76,413.23,416.08,12882700
2026-08-12,AVGO,426.26,426.5,414.61,416.05,15859200
2026-08-13,AVGO,415.81,424.92,411.41,417.82,13180500
2026-08-14,AVGO,411.96,412.5,388.5,392.99,29513600
2026-08-17,AVGO,397.26,399.36,391.31,392.43,20042600
2026-08-18,AVGO,384.32,385.78,377.01,380.0,22878200
2026-08-19,AVGO,372.4,373.91,357.61,362.48,35091400
2026-08-20,AVGO,364.39,367.12,362.25,364.03,19729800
2026-08-21,AVGO,370.69,375.13,365.05,368.45,19037100
2026-08-24,AVGO,364.97,366.17,358.71,358.76,18717200
2026-08-25,AVGO,361.1,362.99,355.31,356.74,18014900
2026-08-26,AVGO,357.12,359.47,350.06,355.59,19196300
2026-08-27,AVGO,361.79,371.72,360.61,371.54,21271000
2026-08-03,AXP,340.9,345.16,340.0,344.72,2864600
2026-08-04,AXP,345.0,348.5,344.12,346.71,2764800
2026-08-05,AXP,350.0,352.49,346.62,348.99,1983600
2026-08-06,AXP,349.8,350.0,342.07,342.6,2773700
2026-08-07,AXP,341.7,343.32,338.0,340.91,1793600
2026-08-10,AXP,339.5,342.0,336.57,338.86,2203900
2026-08-11,AXP,338.49,343.59,338.12,340.81,2091600
2026-08-12,AXP,339.32,344.57,338.57,344.08,2113100
2026-08-13,AXP,345.39,347.11,340.0,343.65,1704200
2026-08-14,AXP,345.99,345.99,341.69,342.48,1529500
2026-08-17,AXP,340.66,343.0,336.07,336.21,2533200
2026-08-18,AXP,336.67,339.41,335.22,338.52,2875400
2026-08-19,AXP,340.08,345.2,338.41,339.9,2539400
2026-08-20,AXP,337.3,338.0,331.15,331.15,3884300
2026-08-21,AXP,334.25,337.16,333.42,336.0,2616300
2026-08-24,AXP,337.22,344.0,337.12,337.33,2403400
2026-08-25,AXP,338.16,338.74,333.93,335.95,2016800
2026-08-26,AXP,336.26,337.5,334.2,336.15,1650100
2026-08-27,AXP,334.38,336.08,331.94,334.16,2026000
2026-08-03,BA,221.0,234.09,219.21,233.49,10994600
2026-08-04,BA,236.76,238.17,232.88,237.16,7932100
2026-08-05,BA,237.95,241.09,236.62,240.19,6574700
2026-08-06,BA,240.0,240.37,231.33,232.19,7130500
2026-08-07,BA,234.06,235.6,230.86,234.42,4107500
2026-08-10,BA,234.25,236.49,231.68,232.79,3678100
2026-08-11,BA,235.61,237.11,232.83,233.24,2771900
2026-08-12,BA,234.3,234.59,229.25,231.2,3372800
2026-08-13,BA,232.27,233.58,228.18,230.33,2971400
2026-08-14,BA,231.63,233.43,229.88,231.67,2649100
2026-08-17,BA,230.34,231.35,225.95,225.95,5020300
2026-08-18,BA,225.1,226.11,222.58,223.06,4772500
2026-08-19,BA,223.51,224.2,220.2,222.2,5797500
2026-08-20,BA,220.4,221.11,214.12,215.1,7860600
2026-08-21,BA,215.67,216.46,212.75,214.2,6233400
2026-08-24,BA,212.86,213.31,208.7,210.46,7144100
2026-08-25,BA,212.5,212.94,210.11,211.08,4854600
2026-08-26,BA,211.78,212.6,209.66,212.09,4365800
2026-08-27,BA,211.51,211.94,209.11,209.89,4455700
2026-08-03,BABA,126.6,129.5,126.04,127.3,14603700
2026-08-04,BABA,126.06,129.62,125.785,128.99,10755800
2026-08-05,BABA,130.65,130.99,128.22,128.53,9553900
2026-08-06,BABA,126.78,127.21,125.56,126.81,4900100
2026-08-07,BABA,127.61,128.62,126.07,128.41,6061700
2026-08-10,BABA,128.62,132.57,128.12,132.32,9449400
2026-08-11,BABA,129.19,129.19,127.66,127.85,6783900
2026-08-12,BABA,125.33,125.755,123.7,125.22,9231700
2026-08-13,BABA,123.515,124.28,121.45,122.16,11583600
2026-08-14,BABA,122.79,124.96,122.35,123.81,8221700
2026-08-17,BABA,126.0,126.19,123.49,124.71,8894600
2026-08-18,BABA,127.76,128.79,126.34,128.15,12809800
2026-08-19,BABA,127.77,129.5,127.54,128.9,11645900
2026-08-20,BABA,123.47,130.62,121.88,130.53,28101600
2026-08-21,BABA,125.35,125.77,119.23,119.34,32550500
2026-08-24,BABA,116.9,120.47,116.4,118.47,23933700
2026-08-25,BABA,117.94,119.48,117.31,119.44,15750900
2026-08-26,BABA,119.34,121.4,119.34,119.83,12882100
2026-08-27,BABA,117.49,117.89,115.09,116.31,14342700
2026-08-03,BAC,62.26,62.51,61.71,62.48,24013700
2026-08-04,BAC,62.47,63.54,62.35,62.9,28242100
2026-08-05,BAC,63.0,63.57,62.83,63.25,30266000
2026-08-06,BAC,63.91,63.97,62.73,63.0,24482900
2026-08-07,BAC,62.71,63.22,62.39,63.17,22620500
2026-08-10,BAC,63.16,64.0,63.0,63.86,25400400
2026-08-11,BAC,63.98,64.27,63.71,64.0,20738600
2026-08-12,BAC,64.12,64.95,63.84,64.81,27541500
2026-08-13,BAC,65.2,65.2,63.9,64.09,27306400
2026-08-14,BAC,64.04,64.55,63.81,64.49,21847900
2026-08-17,BAC,64.4,65.23,63.88,63.89,27349400
2026-08-18,BAC,64.0,64.4,63.57,64.23,28774000
2026-08-19,BAC,64.2,64.43,62.98,63.17,24082600
2026-08-20,BAC,63.06,63.24,61.81,61.86,34979400
2026-08-21,BAC,62.33,62.52,61.52,61.69,33434800
2026-08-24,BAC,61.74,62.76,61.52,62.33,27349700
2026-08-25,BAC,62.2,62.75,61.87,62.43,23386900
2026-08-26,BAC,62.39,62.58,61.94,62.23,22537100
2026-08-27,BAC,61.75,62.02,61.1,61.17,49412500
2026-08-03,BHP,83.23,83.88,82.71,83.5,2199200
2026-08-04,BHP,87.05,87.97,86.55,87.46,3084900
2026-08-05,BHP,88.13,89.49,87.81,89.38,3153400
2026-08-06,BHP,88.13,89.69,87.85,87.9,2233300
2026-08-07,BHP,89.55,90.6,89.33,90.41,2658900
2026-08-10,BHP,90.23,91.13,89.3,90.61,2114200
2026-08-11,BHP,90.89,91.31,89.75,90.02,1873700
2026-08-12,BHP,91.63,91.63,89.91,90.12,2340200
2026-08-13,BHP,88.59,88.92,87.0,87.23,3150100
2026-08-14,BHP,87.4,87.79,86.48,86.78,2410400
2026-08-17,BHP,88.17,88.5,87.48,88.37,3357800
2026-08-18,BHP,88.65,90.46,88.24,89.09,3341100
2026-08-19,BHP,92.67,93.83,91.37,92.29,4246400
2026-08-20,BHP,91.01,94.17,90.93,93.63,2519000
2026-08-21,BHP,95.72,97.27,95.44,97.03,3777000
2026-08-24,BHP,97.31,97.83,96.6,97.13,3964800
2026-08-25,BHP,95.86,98.71,95.86,98.69,2937800
2026-08-26,BHP,96.99,97.43,95.92,96.33,2223300
2026-08-27,BHP,95.52,96.82,95.16,96.37,2220000
2026-08-03,BIDU,111.28,113.94,110.83,113.06,2362400
2026-08-04,BIDU,111.79,113.38,111.55,112.58,2024400
2026-08-05,BIDU,114.41,114.45,111.04,111.11,1664400
2026-08-06,BIDU,108.86,109.75,107.62,109.33,1526800
2026-08-07,BIDU,110.0,110.43,108.44,109.71,1658200
2026-08-10,BIDU,109.37,109.9,107.63,109.5,2109800
2026-08-11,BIDU,107.0,107.0,105.03,105.94,2016900
2026-08-12,BIDU,104.75,105.0,103.45,104.84,1941200
2026-08-13,BIDU,104.28,105.27,103.76,104.68,1976100
2026-08-14,BIDU,103.92,105.01,102.81,103.67,2747800
2026-08-17,BIDU,102.83,104.28,101.84,104.12,3737400
2026-08-18,BIDU,94.35,97.44,89.6,90.87,16263100
2026-08-19,BIDU,91.76,93.04,90.14,92.87,4606400
2026-08-20,BIDU,93.3,94.16,91.3,91.97,4330700
2026-08-21,BIDU,94.97,95.22,92.52,93.21,3504100
2026-08-24,BIDU,91.81,93.24,91.78,92.18,2218500
2026-08-25,BIDU,92.0,93.47,91.8,93.43,1669900
2026-08-26,BIDU,92.98,93.84,92.78,93.26,1605700
2026-08-27,BIDU,96.31,97.13,95.58,96.94,3837700
2026-08-03,BIO,324.98,335.53,319.49,334.71,295500
2026-08-04,BIO,336.52,338.42,325.31,332.88,274300
2026-08-05,BIO,340.0,352.63,329.6,347.86,522100
2026-08-06,BIO,345.05,345.05,336.09,342.43,305000
2026-08-07,BIO,339.18,353.33,339.18,352.47,266900
2026-08-10,BIO,350.49,355.85,347.86,354.54,221100
2026-08-11,BIO,349.37,358.69,349.37,356.25,251900
2026-08-12,BIO,353.06,362.42,351.0,362.08,233900
2026-08-13,BIO,364.0,365.0,352.12,361.19,207500
2026-08-14,BIO,361.06,362.49,355.07,356.26,173800
2026-08-17,BIO,359.29,359.29,353.86,355.23,213500
2026-08-18,BIO,356.17,356.49,351.8,352.69,210700
2026-08-19,BIO,356.89,367.95,352.7,364.26,258000
2026-08-20,BIO,360.29,380.71,360.25,376.46,337500
2026-08-21,BIO,385.8,385.92,373.47,380.03,341200
2026-08-24,BIO,384.09,384.09,373.4,381.76,300200
2026-08-25,BIO,384.0,390.83,377.8,390.34,295700
2026-08-26,BIO,393.1,393.1,385.5,388.64,221700
2026-08-27,BIO,389.03,396.23,386.69,389.94,245900
2026-08-03,BLK,1100.0699,1129.24,1096.1899,1126.63,745900
2026-08-04,BLK,1138.5,1150.3,1130.85,1131.13,625000
2026-08-05,BLK,1138.5,1142.89,1121.17,1133.58,761600
2026-08-06,BLK,1135.5699,1139.63,1120.28,1129.3,701800
2026-08-07,BLK,1132.53,1143.52,1128.65,1136.39,588800
2026-08-10,BLK,1129.8199,1139.98,1126.0,1131.4,656200
2026-08-11,BLK,1130.65,1152.8,1128.45,1148.84,438100
2026-08-12,BLK,1157.0,1162.64,1145.08,1160.91,378400
2026-08-13,BLK,1165.77,1186.74,1164.3101,1182.84,379200
2026-08-14,BLK,1179.0,1180.0,1168.5,1173.73,514900
2026-08-17,BLK,1167.3101,1169.48,1146.97,1147.11,450300
2026-08-18,BLK,1149.0,1161.8101,1143.13,1154.35,355300
2026-08-19,BLK,1161.52,1181.6801,1155.1,1158.92,584600
2026-08-20,BLK,1154.76,1159.8101,1139.29,1139.8199,702200
2026-08-21,BLK,1150.6801,1160.0,1147.33,1156.55,380600
2026-08-24,BLK,1158.84,1174.4301,1156.5699,1172.61,585000
2026-08-25,BLK,1170.9399,1180.78,1163.36,1176.64,488500
2026-08-26,BLK,1175.71,1182.01,1170.88,1173.21,644900
2026-08-27,BLK,1168.4301,1187.17,1161.9,1167.5699,751300
2026-08-03,BNTX,91.01,94.41,89.5,92.25,1119500
2026-08-04,BNTX,88.98,93.75,88.2,91.35,2000000
2026-08-05,BNTX,91.42,92.96,90.4,92.18,1700700
2026-08-06,BNTX,92.5,92.65,89.7,91.19,1349900
2026-08-07,BNTX,91.9,94.27,91.57,93.67,1427900
2026-08-10,BNTX,94.1,94.25,92.595,92.8,731100
2026-08-11,BNTX,92.84,93.23,92.035,92.8,706000
2026-08-12,BNTX,92.26,93.8,92.0,92.74,476500
2026-08-13,BNTX,92.89,93.2,91.69,92.12,988500
2026-08-14,BNTX,91.73,93.24,90.52,93.09,650500
2026-08-17,BNTX,93.22,93.76,91.23,91.6,443500
2026-08-18,BNTX,91.49,93.025,91.01,92.75,921600
2026-08-19,BNTX,109.29,116.0,107.18,113.12,8780300
2026-08-20,BNTX,109.06,112.39,106.38,110.89,3534300
2026-08-21,BNTX,110.92,120.33,110.89,116.57,2960400
2026-08-24,BNTX,114.03,114.195,110.517,112.82,1850600
2026-08-25,BNTX,113.88,116.87,113.405,114.05,1359000
2026-08-26,BNTX,112.91,113.97,111.215,112.56,1255000
2026-08-27,BNTX,111.69,112.81,110.25,111.4,1551100
2026-08-03,BP,43.97,44.56,43.71,44.26,10673900
2026-08-04,BP,43.22,43.31,42.19,42.44,13295400
2026-08-05,BP,42.85,42.88,41.16,41.21,9935700
2026-08-06,BP,41.94,42.37,41.48,42.23,6095800
2026-08-07,BP,41.2826,41.4802,41.0258,41.1246,4080400
2026-08-10,BP,41.4308,42.4878,41.3715,42.3594,8415600
2026-08-11,BP,42.4088,42.8928,42.3495,42.636,4767300
2026-08-12,BP,41.9939,42.5866,41.9346,42.4088,5883900
2026-08-13,BP,41.9445,42.4285,41.737,42.31,6208700
2026-08-14,BP,42.52,42.77,42.27,42.53,6482100
2026-08-17,BP,42.46,42.97,42.26,42.85,8913100
2026-08-18,BP,43.46,43.6,43.17,43.41,9672200
2026-08-19,BP,43.78,44.23,43.62,43.73,9399300
2026-08-20,BP,44.85,45.44,44.74,45.14,10746500
2026-08-21,BP,45.21,45.43,44.68,44.76,8914600
2026-08-24,BP,44.12,44.38,43.55,43.74,7543500
2026-08-25,BP,43.46,43.55,42.8,42.86,7145200
2026-08-26,BP,42.21,43.03,42.18,42.5,11526000
2026-08-27,BP,42.54,42.64,41.87,42.34,11738500
2026-08-03,CAT,811.58,835.34,804.57,830.03,3314300
2026-08-04,CAT,922.0,935.0,866.85,876.54,6230100
2026-08-05,CAT,874.9,905.72,870.0,871.08,3363200
2026-08-06,CAT,862.0,879.33,856.96,856.96,2896500
2026-08-07,CAT,865.63,868.0,836.01,842.19,2443800
2026-08-10,CAT,849.04,854.93,835.86,837.58,1900900
2026-08-11,CAT,850.0,864.25,842.11,843.37,2173800
2026-08-12,CAT,866.0,871.2,855.25,855.6,3148500
2026-08-13,CAT,858.5,864.11,848.37,854.6,2523500
2026-08-14,CAT,854.0,870.99,850.0,856.57,1894900
2026-08-17,CAT,864.03,887.91,859.62,881.65,2140600
2026-08-18,CAT,862.19,863.92,834.81,840.87,2685700
2026-08-19,CAT,845.0,848.94,805.68,816.15,4143900
2026-08-20,CAT,811.54,818.93,801.0,815.39,2937800
2026-08-21,CAT,829.52,832.0,812.34,827.9,2465200
2026-08-24,CAT,822.99,825.97,804.49,811.02,2536200
2026-08-25,CAT,833.57,834.45,804.75,811.29,1655500
2026-08-26,CAT,816.2,824.62,812.26,821.93,1848200
2026-08-27,CAT,827.42,832.99,807.31,817.0,1835400
2026-08-03,CDNS,343.79,344.45,331.68,336.15,1818500
2026-08-04,CDNS,340.81,349.11,339.29,340.62,2010900
2026-08-05,CDNS,347.96,347.96,335.66,337.07,1642300
2026-08-06,CDNS,335.54,341.73,333.0,338.42,1554800
2026-08-07,CDNS,343.0,348.12,335.58,339.24,2091700
2026-08-10,CDNS,337.31,342.03,331.53,331.91,1808600
2026-08-11,CDNS,330.57,331.25,323.19,327.53,2027100
2026-08-12,CDNS,330.01,333.43,322.11,323.13,2048900
2026-08-13,CDNS,324.0,328.3,321.11,323.77,2259400
2026-08-14,CDNS,324.74,326.87,319.46,324.82,2568300
2026-08-17,CDNS,323.8,333.48,323.06,323.47,2010600
2026-08-18,CDNS,321.5,323.63,315.21,316.52,1842400
2026-08-19,CDNS,316.09,318.5,312.01,314.98,1902700
2026-08-20,CDNS,315.48,317.5,311.47,313.59,1697800
2026-08-21,CDNS,314.49,319.78,312.15,319.02,2150600
2026-08-24,CDNS,314.5,317.34,311.43,315.92,2032700
2026-08-25,CDNS,318.43,333.34,317.18,331.9,2984300
2026-08-26,CDNS,328.5,340.31,327.46,334.68,2208100
2026-08-27,CDNS,340.04,347.72,330.5,347.55,2715700
2026-08-03,CGNX,64.63,67.55,64.25,67.44,1415900
2026-08-04,CGNX,70.15,72.21,69.43,71.52,2863800
2026-08-05,CGNX,71.52,72.7,70.42,70.71,2898700
2026-08-06,CGNX,72.15,72.35,66.9,67.38,3919700
2026-08-07,CGNX,68.39,70.14,66.79,66.89,2382300
2026-08-10,CGNX,66.48,66.48,63.68,64.36,3366000
2026-08-11,CGNX,65.36,65.64,62.8,62.9,1915100
2026-08-12,CGNX,64.24,64.24,60.46,60.67,5536000
2026-08-13,CGNX,60.525,62.2626,60.3653,61.5037,2799700
2026-08-14,CGNX,61.4238,65.568,61.4138,65.538,2394700
2026-08-17,CGNX,65.558,67.2356,64.7891,66.5066,2033600
2026-08-18,CGNX,64.6293,65.2185,62.7319,63.3211,2605900
2026-08-19,CGNX,63.3011,63.5608,60.3753,60.555,2594100
2026-08-20,CGNX,60.47,60.47,59.26,59.73,1519700
2026-08-21,CGNX,60.36,60.92,59.03,60.54,1696800
2026-08-24,CGNX,59.69,59.75,58.22,58.54,1715300
2026-08-25,CGNX,60.0,60.23,59.18,59.82,1436100
2026-08-26,CGNX,59.87,62.04,59.87,61.72,1591600
2026-08-27,CGNX,62.8,63.14,62.07,62.97,997300
2026-08-03,CIB,91.75,92.42,90.0,91.11,331700
2026-08-04,CIB,91.9,92.29,89.16,90.01,379000
2026-08-05,CIB,90.72,92.04,89.48,90.14,351300
2026-08-06,CIB,90.3,92.05,89.8,90.25,203700
2026-08-07,CIB,91.28,91.28,87.97,88.85,158900
2026-08-10,CIB,89.09,91.96,89.09,91.47,265700
2026-08-11,CIB,98.99,100.74,95.1,98.01,805100
2026-08-12,CIB,98.33,100.36,95.35,95.79,443000
2026-08-13,CIB,96.4,97.63,93.8,96.13,397200
2026-08-14,CIB,96.86,98.69,95.28,96.37,177100
2026-08-17,CIB,96.82,97.9,95.78,96.54,166600
2026-08-18,CIB,95.91,98.0,95.91,97.65,206600
2026-08-19,CIB,97.5,99.89,97.5,99.67,253500
2026-08-20,CIB,99.99,99.99,97.84,98.65,141400
2026-08-21,CIB,99.7,102.58,99.7,101.43,237400
2026-08-24,CIB,100.31,102.44,100.31,101.82,208800
2026-08-25,CIB,102.51,103.46,100.85,103.26,285700
2026-08-26,CIB,102.64,103.5,99.71,101.01,233500
2026-08-27,CIB,101.22,102.58,98.53,98.63,347100
2026-08-03,CL,92.39,93.64,89.36,89.88,5731800
2026-08-04,CL,89.17,92.74,89.17,92.53,6831300
2026-08-05,CL,91.94,93.57,91.23,93.28,6374900
2026-08-06,CL,94.05,94.15,92.15,93.0,4686400
2026-08-07,CL,92.18,93.56,91.7,93.27,3738700
2026-08-10,CL,92.5,93.43,92.21,93.15,3850400
2026-08-11,CL,92.68,93.42,92.06,92.31,3067900
2026-08-12,CL,91.32,93.06,91.3,92.32,3416900
2026-08-13,CL,93.15,93.88,92.42,92.93,2549100
2026-08-14,CL,92.71,93.28,91.73,91.95,3179700
2026-08-17,CL,91.05,91.18,89.47,90.21,3969700
2026-08-18,CL,91.19,92.0,90.66,91.46,5230100
2026-08-19,CL,92.09,92.92,90.73,90.87,4099400
2026-08-20,CL,90.5,91.26,89.54,89.7,5082500
2026-08-21,CL,89.87,91.31,89.16,91.08,3667300
2026-08-24,CL,91.58,92.55,91.55,92.55,4649500
2026-08-25,CL,92.09,92.54,91.19,91.33,2683000
2026-08-26,CL,91.54,92.31,91.32,92.06,3663300
2026-08-27,CL,90.74,91.66,90.48,90.96,3318800
2026-08-03,CME,267.73,270.0,264.31,266.17,1622600
2026-08-04,CME,262.17,264.44,260.4,262.63,2294700
2026-08-05,CME,264.48,265.95,259.24,264.78,1745800
2026-08-06,CME,266.11,269.0,262.73,264.32,1841400
2026-08-07,CME,262.57,266.27,262.43,263.66,1250900
2026-08-10,CME,262.57,268.53,262.01,263.65,1578400
2026-08-11,CME,262.82,262.98,258.76,259.32,1593500
2026-08-12,CME,256.91,263.39,256.83,262.17,1366200
2026-08-13,CME,262.17,267.59,261.4,267.21,2023300
2026-08-14,CME,266.88,271.09,265.56,269.8,1717100
2026-08-17,CME,269.32,271.83,267.67,267.88,2150700
2026-08-18,CME,271.36,274.0,269.06,271.54,1488900
2026-08-19,CME,270.25,272.3,262.2,266.94,2561400
2026-08-20,CME,266.94,273.18,266.42,270.87,1567400
2026-08-21,CME,272.58,275.5,271.64,274.98,1815100
2026-08-24,CME,276.17,279.78,274.15,279.17,1318000
2026-08-25,CME,277.0,279.36,273.22,277.32,1403400
2026-08-26,CME,278.41,282.17,277.76,280.98,1722500
2026-08-27,CME,280.09,282.71,279.46,280.94,2058100
2026-08-03,CNP,41.69,42.49,41.69,41.92,5552400
2026-08-04,CNP,42.27,42.27,41.06,41.58,9488900
2026-08-05,CNP,41.53,41.68,40.27,40.65,9264500
2026-08-06,CNP,41.06,41.11,40.29,40.67,8228800
2026-08-07,CNP,40.85,41.26,40.33,40.68,7331300
2026-08-10,CNP,41.68,41.68,39.95,40.03,6457100
2026-08-11,CNP,40.07,40.29,39.8,40.18,6410400
2026-08-12,CNP,40.26,40.57,40.18,40.53,4437500
2026-08-13,CNP,40.0805,40.6471,40.0606,40.2395,4396200
2026-08-14,CNP,40.1401,40.667,40.1401,40.5874,2984500
2026-08-17,CNP,40.3688,40.5676,40.16,40.3886,4149100
2026-08-18,CNP,40.7763,40.8459,40.2296,40.2992,4385600
2026-08-19,CNP,41.2833,41.2833,40.1103,40.16,4960800
2026-08-20,CNP,39.55,40.59,39.55,40.2,5813600
2026-08-21,CNP,40.18,40.25,38.72,38.77,7823800
2026-08-24,CNP,38.81,39.16,38.45,39.1,5914200
2026-08-25,CNP,39.05,39.25,38.9,38.93,4535900
2026-08-26,CNP,39.01,39.73,39.0,39.59,5617200
2026-08-27,CNP,39.21,39.45,39.02,39.29,4469100
2026-08-03,COP,118.54,119.28,117.14,119.16,6555200
2026-08-04,COP,117.64,118.47,116.08,117.94,7115400
2026-08-05,COP,118.8,119.15,114.71,115.04,7905100
2026-08-06,COP,120.0,120.05,115.43,116.76,8648300
2026-08-07,COP,115.61,118.52,114.89,117.61,7866000
2026-08-10,COP,118.44,122.4433,118.3804,122.2148,7267300
2026-08-11,COP,121.9367,125.2148,121.7579,125.0857,5922800
2026-08-12,COP,124.1718,126.4963,123.9831,126.4566,6063400
2026-08-13,COP,124.887,125.5526,123.2976,123.695,7248000
2026-08-14,COP,124.7281,126.5559,124.5393,125.94,5626200
2026-08-17,COP,126.15,127.86,125.14,127.56,6963700
2026-08-18,COP,129.0,130.12,128.1,129.72,5339300
2026-08-19,COP,130.21,132.38,129.86,130.58,7845500
2026-08-20,COP,132.5,135.87,132.23,134.89,9358400
2026-08-21,COP,134.89,135.88,134.45,134.87,8696600
2026-08-24,COP,134.09,135.63,132.93,133.35,6137400
2026-08-25,COP,131.09,132.92,130.17,131.84,6044500
2026-08-26,COP,130.09,132.72,130.08,130.61,5820200
2026-08-27,COP,130.0,130.2,128.0,129.52,6677700
2026-08-03,COST,965.15,967.98,948.75,954.08,2014100
2026-08-04,COST,945.0,950.86,937.01,947.85,2437300
2026-08-05,COST,956.99,956.99,935.22,941.99,1692400
2026-08-06,COST,959.55,966.14,941.78,949.15,2116500
2026-08-07,COST,943.51,949.79,937.51,947.82,1523800
2026-08-10,COST,942.47,952.89,940.56,952.75,1479200
2026-08-11,COST,950.05,954.9,938.09,944.32,1801400
2026-08-12,COST,937.4,951.39,935.05,949.58,1311800
2026-08-13,COST,954.25,962.58,949.51,961.85,1324900
2026-08-14,COST,959.99,965.36,957.75,961.1,1165100
2026-08-17,COST,954.84,956.75,949.42,953.5,1242800
2026-08-18,COST,966.11,971.96,955.03,961.35,1845200
2026-08-19,COST,960.23,978.7,956.0,956.99,1642300
2026-08-20,COST,931.15,944.22,925.77,933.51,2503700
2026-08-21,COST,939.64,949.9,933.82,947.74,2365600
2026-08-24,COST,953.01,974.49,951.39,971.4,2204700
2026-08-25,COST,965.86,969.05,959.89,960.01,1359900
2026-08-26,COST,960.58,964.45,954.54,956.12,1221600
2026-08-27,COST,948.27,948.85,933.25,934.66,2239600
2026-08-03,CRM,188.99,193.7,185.9,185.95,12908000
2026-08-04,CRM,183.09,191.29,183.0,190.99,9326900
2026-08-05,CRM,193.28,194.94,190.43,192.98,9605500
2026-08-06,CRM,183.44,187.02,183.0,186.77,13297600
2026-08-07,CRM,191.09,194.7,190.6,192.74,11392800
2026-08-10,CRM,190.17,198.18,190.0,197.51,9706600
2026-08-11,CRM,196.94,199.39,195.5,197.47,11171600
2026-08-12,CRM,192.0,196.5,191.78,193.32,12787900
2026-08-13,CRM,196.84,202.99,191.39,201.37,15058700
2026-08-14,CRM,202.75,204.4,195.32,196.21,8664800
2026-08-17,CRM,193.83,194.94,189.91,190.97,14378800
2026-08-18,CRM,194.09,199.41,193.23,196.14,14152900
2026-08-19,CRM,194.21,207.95,194.21,206.09,17843600
2026-08-20,CRM,205.22,207.88,203.0,205.43,11482300
2026-08-21,CRM,205.58,211.07,204.73,209.17,9685400
2026-08-24,CRM,208.42,213.17,207.39,209.06,9580200
2026-08-25,CRM,205.85,210.31,204.76,205.69,10081800
2026-08-26,CRM,199.94,206.44,198.95,205.62,14888900
2026-08-27,CRM,230.05,254.48,230.05,252.05,55465200
2026-08-03,CRSP,48.04,49.9,47.5,49.57,1405100
2026-08-04,CRSP,50.55,53.2,50.16,53.07,2143000
2026-08-05,CRSP,53.0,53.33,51.81,52.45,1619800
2026-08-06,CRSP,52.55,53.11,51.51,51.64,1025300
2026-08-07,CRSP,52.58,54.17,52.18,53.52,1284000
2026-08-10,CRSP,53.5,54.68,53.1,53.51,1186900
2026-08-11,CRSP,53.88,54.685,53.12,54.07,1066400
2026-08-12,CRSP,54.3,55.02,53.46,53.99,742900
2026-08-13,CRSP,54.28,54.7,53.5,53.99,908700
2026-08-14,CRSP,53.99,54.0,52.23,53.55,807600
2026-08-17,CRSP,53.08,54.57,52.61,54.28,958200
2026-08-18,CRSP,53.2,53.88,51.8,52.97,1313800
2026-08-19,CRSP,55.0,59.915,54.985,59.81,3843300
2026-08-20,CRSP,58.73,60.9,56.94,58.12,2910400
2026-08-21,CRSP,59.72,62.535,58.89,59.5,2450600
2026-08-24,CRSP,58.75,58.963,56.62,57.075,1118600
2026-08-25,CRSP,57.93,61.55,57.51,60.9,2080800
2026-08-26,CRSP,60.18,60.39,58.06,59.23,953400
2026-08-27,CRSP,59.12,60.11,58.02,59.37,1186900
2026-08-03,CRWD,194.04,203.17,192.6,202.54,10302600
2026-08-04,CRWD,205.8,212.64,203.5,211.22,8354500
2026-08-05,CRWD,213.55,219.35,209.56,209.86,7324900
2026-08-06,CRWD,203.0,207.63,201.75,207.39,6911300
2026-08-07,CRWD,213.825,216.575,208.2,214.42,5882000
2026-08-10,CRWD,215.308,226.9,214.55,225.16,8178500
2026-08-11,CRWD,224.0,225.52,219.24,221.9,6343100
2026-08-12,CRWD,219.93,224.95,217.89,221.78,6919400
2026-08-13,CRWD,224.98,226.685,220.23,225.53,5822700
2026-08-14,CRWD,226.64,227.5,216.465,216.95,6750300
2026-08-17,CRWD,216.53,219.18,213.01,213.9,6412000
2026-08-18,CRWD,213.0,216.055,209.07,212.92,6887300
2026-08-19,CRWD,213.38,213.98,197.25,201.63,10751400
2026-08-20,CRWD,197.285,200.741,189.93,190.34,8902400
2026-08-21,CRWD,190.94,192.85,187.01,191.95,8201000
2026-08-24,CRWD,189.52,195.4,188.43,190.68,7245600
2026-08-25,CRWD,191.62,194.5,182.35,185.38,8346500
2026-08-26,CRWD,182.75,191.32,181.24,189.18,13619900
2026-08-27,CRWD,208.25,229.08,206.1,227.96,23398800
2026-08-03,CVX,195.38,195.86,191.81,193.18,9544100
2026-08-04,CVX,190.15,191.47,186.34,190.4,9455900
2026-08-05,CVX,191.19,191.38,186.27,186.41,8260600
2026-08-06,CVX,188.97,189.78,187.02,189.23,7182100
2026-08-07,CVX,186.21,187.75,185.87,186.56,7098800
2026-08-10,CVX,188.88,194.99,188.88,194.91,13667300
2026-08-11,CVX,194.25,197.46,194.25,196.66,6049800
2026-08-12,CVX,193.531,195.6922,192.8966,194.8991,7366200
2026-08-13,CVX,193.3129,196.3861,192.0737,195.9896,5908900
2026-08-14,CVX,197.1494,199.8856,196.6439,198.2697,7910500
2026-08-17,CVX,198.9933,201.9178,198.0714,200.9463,8357800
2026-08-18,CVX,203.2561,204.4358,201.9476,203.96,7701600
2026-08-19,CVX,205.05,207.68,204.26,205.76,8689900
2026-08-20,CVX,208.9,208.98,205.52,205.77,8200600
2026-08-21,CVX,205.93,207.82,205.01,205.27,7359100
2026-08-24,CVX,203.67,205.3,201.75,203.09,5853900
2026-08-25,CVX,201.03,202.06,199.79,199.89,8176800
2026-08-26,CVX,198.73,202.39,198.12,200.21,6863100
2026-08-27,CVX,199.57,200.88,197.82,199.77,8112300
2026-08-03,CW,716.68,748.87,716.68,747.67,201600
2026-08-04,CW,760.49,767.6,745.1,757.31,233900
2026-08-05,CW,764.0,770.18,746.11,748.41,208500
2026-08-06,CW,740.5,760.0,710.26,714.04,319300
2026-08-07,CW,715.78,727.14,686.79,691.52,358900
2026-08-10,CW,699.51,711.77,680.76,694.35,502000
2026-08-11,CW,713.48,724.87,702.33,705.96,352000
2026-08-12,CW,716.55,728.05,708.96,723.71,288700
2026-08-13,CW,723.88,723.88,683.87,688.83,311200
2026-08-14,CW,690.58,699.39,686.37,699.31,233800
2026-08-17,CW,699.39,702.31,692.94,696.07,284100
2026-08-18,CW,684.24,698.11,682.2,695.67,356100
2026-08-19,CW,701.73,704.78,668.84,673.34,508600
2026-08-20,CW,677.15,677.15,644.0,648.28,437400
2026-08-21,CW,656.44,658.47,633.57,634.99,652400
2026-08-24,CW,641.41,641.77,611.35,614.97,846300
2026-08-25,CW,624.19,625.61,605.91,609.71,506000
2026-08-26,CW,612.57,622.93,607.67,619.46,318400
2026-08-27,CW,623.86,623.86,604.42,605.49,283500
2026-08-03,DDOG,272.19,278.68,267.5,273.6,5082000
2026-08-04,DDOG,272.03,289.9,271.6,288.15,4826500
2026-08-05,DDOG,291.43,292.72,283.0,283.17,5658100
2026-08-06,DDOG,227.45,243.0,225.26,229.29,15031100
2026-08-07,DDOG,234.81,248.35,233.2,233.93,8541400
2026-08-10,DDOG,231.2,262.99,229.76,260.78,8667500
2026-08-11,DDOG,256.63,258.245,246.33,246.78,4389300
2026-08-12,DDOG,240.19,255.48,239.34,240.91,6306400
2026-08-13,DDOG,241.27,253.55,240.82,252.24,3610300
2026-08-14,DDOG,252.39,257.96,248.39,255.46,4423300
2026-08-17,DDOG,250.62,254.33,244.48,247.32,3777100
2026-08-18,DDOG,248.79,253.445,243.0,246.0,3637300
2026-08-19,DDOG,246.66,246.66,232.16,233.52,4445500
2026-08-20,DDOG,233.27,236.56,227.11,232.55,3174600
2026-08-21,DDOG,235.15,236.31,228.76,235.62,2804100
2026-08-24,DDOG,234.41,234.53,225.67,225.77,2775700
2026-08-25,DDOG,226.89,229.08,221.31,222.99,3091400
2026-08-26,DDOG,220.46,234.95,219.0,227.67,4044000
2026-08-27,DDOG,237.0,251.99,236.0,242.93,4550400
2026-08-03,DE,602.91,616.23,600.55,605.06,1053200
2026-08-04,DE,610.66,622.0,597.23,617.37,966300
2026-08-05,DE,619.0,624.73,611.62,612.0,814700
2026-08-06,DE,614.57,618.14,611.19,614.84,817900
2026-08-07,DE,612.35,627.88,611.21,620.83,942000
2026-08-10,DE,621.12,623.55,603.11,609.28,1022900
2026-08-11,DE,608.47,621.3,606.32,617.95,674700
2026-08-12,DE,618.98,623.28,610.99,619.77,859000
2026-08-13,DE,619.55,622.01,611.11,612.38,517500
2026-08-14,DE,608.83,616.0,607.0,608.85,802300
2026-08-17,DE,606.37,610.64,599.48,599.92,1245700
2026-08-18,DE,603.93,604.04,588.0,588.72,1218300
2026-08-19,DE,589.58,596.06,579.31,580.63,1596700
2026-08-20,DE,611.12,639.0,586.48,620.94,3200600
2026-08-21,DE,623.26,654.28,607.9,647.47,2392500
2026-08-24,DE,653.04,660.7,645.77,648.64,1228900
2026-08-25,DE,652.07,653.18,627.14,630.66,1206900
2026-08-26,DE,632.15,639.65,630.41,634.54,830700
2026-08-27,DE,628.82,629.35,617.81,622.66,807500
2026-08-03,DUK,125.0,126.01,123.5,124.28,5075600
2026-08-04,DUK,123.51,124.87,121.8,124.27,5683300
2026-08-05,DUK,124.35,124.35,122.37,123.34,6787900
2026-08-06,DUK,124.94,125.11,122.59,123.9,5060500
2026-08-07,DUK,121.928,124.3071,121.2737,123.7619,4309600
2026-08-10,DUK,122.9193,122.9193,119.6778,120.1338,11795800
2026-08-11,DUK,120.1932,122.265,119.8166,122.1163,7042800
2026-08-12,DUK,121.6405,122.6615,121.4323,122.4137,3440900
2026-08-13,DUK,122.6913,123.5735,122.5426,123.405,3336800
2026-08-14,DUK,123.18,124.43,123.01,123.92,4124800
2026-08-17,DUK,123.25,124.05,122.86,123.58,2896400
2026-08-18,DUK,124.96,125.66,123.91,123.99,5411500
2026-08-19,DUK,124.73,125.11,123.0,123.6,3525900
2026-08-20,DUK,123.25,124.28,122.66,122.69,3729200
2026-08-21,DUK,122.84,123.04,119.74,119.85,4844700
2026-08-24,DUK,120.2,122.21,119.99,121.97,3356300
2026-08-25,DUK,121.7,122.2,121.16,121.59,2766600
2026-08-26,DUK,121.6,122.57,121.59,121.89,2744100
2026-08-27,DUK,120.8,121.18,120.1,120.84,3208700
2026-08-03,EMR,150.62,154.98,150.04,154.85,3431800
2026-08-04,EMR,156.0,159.48,152.28,158.84,5333600
2026-08-05,EMR,157.27,164.87,155.5,162.47,5250800
2026-08-06,EMR,164.32,164.85,156.0,156.91,3831300
2026-08-07,EMR,157.4361,158.8014,156.3797,157.7251,2826800
2026-08-10,EMR,157.8945,159.2699,156.8182,158.1736,3570200
2026-08-11,EMR,158.4626,163.8643,158.4626,163.8244,2530900
2026-08-12,EMR,165.3592,165.7878,162.2697,163.2464,2457100
2026-08-13,EMR,163.7048,163.8144,159.3097,163.655,2695400
2026-08-14,EMR,164.26,164.8,162.3,163.17,2144400
2026-08-17,EMR,162.99,164.35,161.55,162.05,2054100
2026-08-18,EMR,161.09,161.5,157.73,157.78,2120300
2026-08-19,EMR,159.11,159.7,157.18,157.6,1554700
2026-08-20,EMR,155.77,157.25,154.08,154.72,1821600
2026-08-21,EMR,156.45,157.48,155.08,157.26,2081300
2026-08-24,EMR,157.37,158.2,156.21,157.57,1722000
2026-08-25,EMR,159.8,159.82,154.6,154.96,3112000
2026-08-26,EMR,155.58,158.7,155.5,158.29,2066500
2026-08-27,EMR,158.6,158.98,156.55,157.71,1710300
2026-08-03,EOG,145.01,147.3,144.08,145.68,2775800
2026-08-04,EOG,142.79,144.36,140.94,143.52,2979400
2026-08-05,EOG,143.5,144.02,134.07,134.23,5655400
2026-08-06,EOG,136.55,136.85,134.74,136.2,4245400
2026-08-07,EOG,134.3,136.49,133.45,134.74,3244400
2026-08-10,EOG,137.18,142.61,136.59,142.22,3520800
2026-08-11,EOG,141.4,143.42,140.79,143.4,2712700
2026-08-12,EOG,141.86,143.24,141.15,143.14,2526000
2026-08-13,EOG,141.02,142.61,140.48,141.41,2755800
2026-08-14,EOG,142.32,143.74,141.31,142.61,1927900
2026-08-17,EOG,142.77,146.22,142.31,146.15,2037000
2026-08-18,EOG,148.04,149.0,146.66,148.7,2076500
2026-08-19,EOG,149.86,151.53,148.75,149.48,2543600
2026-08-20,EOG,151.45,153.67,151.23,152.19,2428900
2026-08-21,EOG,152.29,153.44,151.65,153.05,3129100
2026-08-24,EOG,152.07,153.38,148.91,150.21,2172200
2026-08-25,EOG,147.37,149.14,146.67,146.83,2307200
2026-08-26,EOG,144.0,146.83,143.65,144.84,2826900
2026-08-27,EOG,144.53,145.7,142.76,144.5,3245200
2026-08-03,ETN,412.9241,437.6831,409.1434,437.1544,3635400
2026-08-04,ETN,450.1824,450.8507,433.2341,443.6784,3028300
2026-08-05,ETN,444.1073,452.387,442.5811,446.1822,2178300
2026-08-06,ETN,443.858,456.6565,440.9152,447.09,1753600
2026-08-07,ETN,451.77,455.82,444.55,448.68,1721700
2026-08-10,ETN,453.9,453.93,444.07,444.96,1394600
2026-08-11,ETN,446.97,463.75,446.5,459.29,1840300
2026-08-12,ETN,476.02,478.0,459.03,459.96,1663000
2026-08-13,ETN,459.31,459.38,452.5,453.33,1565100
2026-08-14,ETN,453.76,456.67,449.01,451.51,1401000
2026-08-17,ETN,458.96,458.96,449.0,455.4,1605300
2026-08-18,ETN,444.19,444.89,428.9,431.33,2120700
2026-08-19,ETN,435.12,436.95,417.22,424.67,1748600
2026-08-20,ETN,422.05,425.42,415.15,415.29,1684300
2026-08-21,ETN,419.5,423.51,416.21,419.2,1749400
2026-08-24,ETN,415.23,417.99,406.95,408.67,1573400
2026-08-25,ETN,418.33,419.99,407.47,409.2,1521400
2026-08-26,ETN,411.97,420.93,409.78,419.44,1792900
2026-08-27,ETN,427.62,427.96,415.21,416.04,1621800
2026-08-03,EXC,45.88,46.26,45.23,45.63,6520400
2026-08-04,EXC,45.56,46.0,44.89,45.84,10292900
2026-08-05,EXC,45.83,45.9,45.21,45.76,7053200
2026-08-06,EXC,46.11,46.27,44.93,45.32,6588600
2026-08-07,EXC,45.11,45.89,44.78,45.61,6992700
2026-08-10,EXC,45.32,45.41,44.45,44.5,6814000
2026-08-11,EXC,44.35,45.04,44.34,44.87,5780000
2026-08-12,EXC,44.93,45.24,44.79,45.22,4379200
2026-08-13,EXC,45.44,45.77,45.36,45.6,4000300
2026-08-14,EXC,45.48,45.99,45.48,45.86,3934900
2026-08-17,EXC,45.67,45.76,45.21,45.57,4994000
2026-08-18,EXC,46.25,46.43,45.29,45.31,7126900
2026-08-19,EXC,45.71,45.96,45.16,45.3,4844500
2026-08-20,EXC,45.16,45.72,45.01,45.06,4863400
2026-08-21,EXC,45.44,45.44,43.75,43.78,5324800
2026-08-24,EXC,43.98,44.42,43.8,44.34,4871800
2026-08-25,EXC,44.27,44.44,43.87,44.31,5181100
2026-08-26,EXC,44.13,44.51,44.01,44.44,6180600
2026-08-27,EXC,44.03,44.1,43.61,43.96,5293100
2026-08-03,FANUY,19.2,19.45,19.0,19.45,357200
2026-08-04,FANUY,19.72,21.03,19.66,20.59,343500
2026-08-05,FANUY,20.56,20.74,20.38,20.46,396300
2026-08-06,FANUY,20.98,20.98,20.06,20.26,323400
2026-08-07,FANUY,21.09,21.09,20.8,21.0,251200
2026-08-10,FANUY,20.76,20.81,20.2,20.2,421700
2026-08-11,FANUY,20.4,20.72,20.32,20.39,197000
2026-08-12,FANUY,21.39,21.49,20.69,20.81,790100
2026-08-13,FANUY,20.47,20.76,20.25,20.68,471800
2026-08-14,FANUY,20.5,20.5,19.72,19.95,465800
2026-08-17,FANUY,20.32,20.48,20.3,20.35,529800
2026-08-18,FANUY,19.41,19.63,19.22,19.25,458500
2026-08-19,FANUY,19.54,19.65,19.21,19.28,417800
2026-08-20,FANUY,19.02,19.14,18.88,18.98,397100
2026-08-21,FANUY,19.06,19.06,18.88,19.01,283000
2026-08-24,FANUY,18.65,19.03,18.64,18.85,546000
2026-08-25,FANUY,18.83,19.08,18.83,18.95,413600
2026-08-26,FANUY,18.84,18.91,18.68,18.79,269700
2026-08-27,FANUY,18.95,18.95,18.77,18.85,498300
2026-08-03,FCX,62.07,63.75,61.27,63.64,8951400
2026-08-04,FCX,66.19,67.85,65.75,67.3,16305900
2026-08-05,FCX,68.95,70.56,68.62,69.39,17116400
2026-08-06,FCX,68.48,69.67,67.94,68.18,12634900
2026-08-07,FCX,69.97,70.54,68.64,69.62,11290100
2026-08-10,FCX,69.74,71.22,68.89,70.51,11801000
2026-08-11,FCX,70.74,70.83,68.28,68.87,11952400
2026-08-12,FCX,70.09,70.09,68.71,69.22,8173500
2026-08-13,FCX,68.15,69.1,66.63,66.83,9297000
2026-08-14,FCX,66.72,67.46,65.57,66.49,8200200
2026-08-17,FCX,66.62,68.89,66.54,68.38,9837400
2026-08-18,FCX,67.08,68.03,65.71,66.32,10486800
2026-08-19,FCX,68.9,69.86,67.26,69.09,16696500
2026-08-20,FCX,67.82,71.52,67.72,71.22,17647400
2026-08-21,FCX,74.46,77.33,74.4,76.66,28518300
2026-08-24,FCX,78.39,78.88,76.11,77.8,21435700
2026-08-25,FCX,77.13,79.95,76.8,79.91,15801100
2026-08-26,FCX,79.34,80.24,78.28,79.0,18324500
2026-08-27,FCX,78.83,79.84,78.17,78.42,15105400
2026-08-03,FLEX,109.94,117.73,107.1,117.45,4319900
2026-08-04,FLEX,123.72,128.95,121.07,126.71,4710900
2026-08-05,FLEX,125.57,129.38,121.73,121.88,3361300
2026-08-06,FLEX,119.5,125.4,117.56,122.65,3566600
2026-08-07,FLEX,124.73,126.11,119.78,121.35,3374000
2026-08-10,FLEX,122.72,124.03,119.59,119.7,2930900
2026-08-11,FLEX,121.73,125.44,120.32,122.41,2887700
2026-08-12,FLEX,128.19,130.38,124.47,124.53,3505800
2026-08-13,FLEX,125.09,127.67,123.69,124.3,2215700
2026-08-14,FLEX,124.61,127.15,122.5,126.16,2391600
2026-08-17,FLEX,128.2,131.63,126.32,130.0,2716300
2026-08-18,FLEX,125.3,126.65,119.09,120.24,3250200
2026-08-19,FLEX,121.63,121.63,112.85,113.03,2743000
2026-08-20,FLEX,112.64,112.72,109.9,110.32,3084200
2026-08-21,FLEX,112.44,112.44,108.11,110.45,2772600
2026-08-24,FLEX,108.35,108.35,104.9,106.65,2740500
2026-08-25,FLEX,110.49,110.93,107.54,109.25,2128700
2026-08-26,FLEX,109.98,112.6,109.77,111.82,3103000
2026-08-27,FLEX,114.51,116.17,112.38,115.3,2984000
2026-08-03,FTNT,163.31,164.5,159.32,163.21,5916900
2026-08-04,FTNT,164.11,169.11,162.77,168.29,6437400
2026-08-05,FTNT,170.35,172.09,163.94,164.13,4578500
2026-08-06,FTNT,160.07,162.73,158.27,160.11,4996300
2026-08-07,FTNT,165.02,165.5,158.56,159.64,4826800
2026-08-10,FTNT,159.9,167.19,159.64,164.21,5726200
2026-08-11,FTNT,163.24,163.92,160.74,161.89,4156400
2026-08-12,FTNT,161.48,165.11,160.0,160.84,3850500
2026-08-13,FTNT,162.64,165.75,160.14,165.44,4262300
2026-08-14,FTNT,165.75,165.75,159.1,160.01,2861500
2026-08-17,FTNT,160.05,160.43,155.57,155.85,3834600
2026-08-18,FTNT,156.0,159.97,155.7,158.01,4055100
2026-08-19,FTNT,157.97,158.56,151.66,152.85,3812300
2026-08-20,FTNT,152.0,154.44,150.16,150.79,5157700
2026-08-21,FTNT,151.9,154.11,148.25,153.51,4054200
2026-08-24,FTNT,152.43,153.85,150.4,151.99,3422500
2026-08-25,FTNT,152.86,154.33,151.67,153.66,3459800
2026-08-26,FTNT,151.5,158.44,149.5,157.54,2990700
2026-08-27,FTNT,160.24,173.89,159.88,172.78,6902800
2026-08-03,GD,387.55,387.69,380.45,382.43,918800
2026-08-04,GD,384.09,388.36,378.87,385.76,1502500
2026-08-05,GD,388.55,389.5,381.35,384.08,834300
2026-08-06,GD,387.68,388.9,384.78,386.92,650400
2026-08-07,GD,386.97,392.14,383.26,392.05,1053000
2026-08-10,GD,393.0,397.2,392.05,395.97,779700
2026-08-11,GD,396.15,396.96,391.25,391.89,569900
2026-08-12,GD,390.42,396.05,389.01,394.21,715800
2026-08-13,GD,396.0,396.71,390.23,392.96,660500
2026-08-14,GD,394.28,396.16,392.6,395.78,472300
2026-08-17,GD,391.77,394.52,389.79,391.14,725800
2026-08-18,GD,393.93,395.98,392.66,393.48,619500
2026-08-19,GD,396.43,396.92,391.47,392.34,860300
2026-08-20,GD,391.18,394.68,385.18,386.07,933000
2026-08-21,GD,387.0,388.38,382.19,384.29,759800
2026-08-24,GD,384.48,386.41,381.53,383.77,824700
2026-08-25,GD,384.0,384.12,375.18,376.58,978600
2026-08-26,GD,378.05,382.99,378.02,382.02,819900
2026-08-27,GD,381.07,382.18,378.33,380.06,592400
2026-08-03,GE,363.79,369.95,360.97,368.93,3371900
2026-08-04,GE,374.52,378.85,368.6,377.28,4183100
2026-08-05,GE,379.34,384.51,378.74,381.22,3160800
2026-08-06,GE,383.97,388.84,372.79,374.55,3552900
2026-08-07,GE,376.39,377.81,368.44,370.08,2527700
2026-08-10,GE,371.52,372.26,364.84,366.7,3092000
2026-08-11,GE,367.74,372.56,366.47,368.06,2286100
2026-08-12,GE,369.79,370.2,363.24,365.33,2180800
2026-08-13,GE,367.0,367.08,359.55,360.64,2738400
2026-08-14,GE,362.5,368.69,361.51,368.38,2966200
2026-08-17,GE,367.87,372.36,366.76,369.43,5515000
2026-08-18,GE,366.89,375.58,365.0,375.09,4927900
2026-08-19,GE,373.52,374.56,355.98,356.23,4923400
2026-08-20,GE,353.09,354.5,343.56,344.64,6056100
2026-08-21,GE,347.54,351.86,346.41,348.37,3546100
2026-08-24,GE,346.59,348.49,340.54,341.84,2664800
2026-08-25,GE,345.95,350.0,344.22,349.54,3134800
2026-08-26,GE,351.78,356.39,350.0,354.39,3035900
2026-08-27,GE,352.79,353.5,339.6,342.73,5090900
2026-07-30,GOOGL,334.2,336.51,330.34,333.66,30168000
2026-07-31,GOOGL,340.83,358.58,340.0,356.13,46498000
2026-08-03,GOOGL,365.45,376.69,363.35,373.51,38669700
2026-08-04,GOOGL,368.22,380.52,367.5,377.65,35705700
2026-08-05,GOOGL,383.34,384.48,356.77,362.43,46926300
2026-08-06,GOOGL,360.77,364.13,356.88,357.75,25235900
2026-08-07,GOOGL,356.72,358.9,353.78,354.3,19859900
2026-08-10,GOOGL,355.18,357.61,352.71,357.52,18991400
2026-08-11,GOOGL,355.89,356.81,343.39,343.8,29081800
2026-08-12,GOOGL,346.31,346.48,340.88,343.54,25012000
2026-08-13,GOOGL,345.77,347.93,343.76,346.36,17866100
2026-08-14,GOOGL,346.8,350.45,344.5,345.9,17808600
2026-08-17,GOOGL,346.27,347.25,341.93,344.0,18291300
2026-08-18,GOOGL,342.41,344.87,340.19,344.2,19248800
2026-08-19,GOOGL,342.46,346.73,340.66,344.72,19733800
2026-08-20,GOOGL,343.06,343.9,338.57,340.67,18570400
2026-08-21,GOOGL,342.58,346.2,340.4,344.82,20849800
2026-08-24,GOOGL,343.62,351.6,342.49,348.06,26338200
2026-08-25,GOOGL,349.64,350.16,345.6,346.96,20649700
2026-08-26,GOOGL,346.62,346.88,340.18,342.0,20420300
2026-08-27,GOOGL,339.67,341.69,338.52,340.65,23352300
2026-08-03,GRAB,3.545,3.68,3.54,3.67,65946700
2026-08-04,GRAB,3.9,3.97,3.68,3.72,103086200
2026-08-05,GRAB,3.73,3.76,3.59,3.74,70131300
2026-08-06,GRAB,3.74,3.79,3.64,3.67,40628900
2026-08-07,GRAB,3.68,3.7,3.65,3.66,30881200
2026-08-10,GRAB,3.655,3.69,3.6,3.67,22215900
2026-08-11,GRAB,3.69,3.84,3.67,3.74,41169600
2026-08-12,GRAB,3.76,3.78,3.59,3.61,36625000
2026-08-13,GRAB,3.61,3.7,3.59,3.7,28253300
2026-08-14,GRAB,3.705,3.705,3.61,3.62,19084900
2026-08-17,GRAB,3.62,3.68,3.56,3.58,37055600
2026-08-18,GRAB,3.5,3.52,3.44,3.45,39828900
2026-08-19,GRAB,3.48,3.55,3.435,3.54,29873600
2026-08-20,GRAB,3.51,3.54,3.47,3.51,26139100
2026-08-21,GRAB,3.54,3.58,3.45,3.48,25990500
2026-08-24,GRAB,3.46,3.52,3.415,3.52,31475000
2026-08-25,GRAB,3.54,3.61,3.51,3.58,34914000
2026-08-26,GRAB,3.59,3.655,3.52,3.64,33215500
2026-08-27,GRAB,3.65,3.66,3.555,3.59,30814900
2026-08-03,GS,1025.0,1027.96,1005.16,1027.0601,1706500
2026-08-04,GS,1050.0,1066.16,1043.27,1052.98,2653600
2026-08-05,GS,1063.71,1077.21,1060.02,1060.38,1648000
2026-08-06,GS,1062.04,1068.04,1030.78,1032.58,1726500
2026-08-07,GS,1038.34,1047.0,1032.03,1039.61,1429400
2026-08-10,GS,1039.61,1045.4301,1030.0699,1034.51,1819100
2026-08-11,GS,1036.39,1043.4301,1027.1899,1034.41,1829300
2026-08-12,GS,1055.0,1056.05,1031.74,1037.21,1737800
2026-08-13,GS,1040.61,1059.0699,1038.47,1042.63,1421700
2026-08-14,GS,1040.91,1043.74,1029.58,1039.42,1592900
2026-08-17,GS,1040.79,1054.63,1038.14,1051.3101,1450400
2026-08-18,GS,1040.0,1043.5,1026.08,1040.47,1909200
2026-08-19,GS,1044.8199,1044.8199,1014.5,1021.65,2744200
2026-08-20,GS,1016.99,1026.42,1001.68,1001.95,1756200
2026-08-21,GS,1015.99,1043.66,1008.85,1039.28,2744000
2026-08-24,GS,1039.0,1047.37,1030.1801,1036.28,1987500
2026-08-25,GS,1050.0,1063.52,1039.29,1058.88,2497300
2026-08-26,GS,1061.0,1062.5601,1036.78,1040.46,1487900
2026-08-27,GS,1041.6801,1052.55,1035.0,1040.87,1712500
2026-08-03,HDB,24.16,24.38,23.92,24.1,4697900
2026-08-04,HDB,23.65,23.99,23.65,23.89,5476800
2026-08-05,HDB,23.89,23.92,23.67,23.85,8861300
2026-08-06,HDB,23.84,23.95,23.68,23.77,14363900
2026-08-07,HDB,23.51,23.72,23.44,23.63,4637500
2026-08-10,HDB,23.41,23.57,23.35,23.45,3313100
2026-08-11,HDB,23.55,23.72,23.29,23.29,5125400
2026-08-12,HDB,23.32,23.37,23.03,23.11,10306600
2026-08-13,HDB,23.13,23.29,23.08,23.1,5041900
2026-08-14,HDB,23.15,23.41,23.15,23.37,5401000
2026-08-17,HDB,23.24,23.31,23.04,23.15,5931400
2026-08-18,HDB,23.0,23.22,22.96,23.17,7468400
2026-08-19,HDB,23.08,23.41,22.95,23.16,7946100
2026-08-20,HDB,23.23,23.44,23.13,23.34,8223200
2026-08-21,HDB,23.5,23.7,23.49,23.6,7523100
2026-08-24,HDB,23.35,23.68,23.1,23.54,7599100
2026-08-25,HDB,23.53,23.75,23.27,23.63,12416600
2026-08-26,HDB,23.52,23.57,23.16,23.17,18070300
2026-08-27,HDB,23.04,23.09,22.45,22.46,12378300
2026-08-03,HEI,355.1,364.28,352.83,360.44,397300
2026-08-04,HEI,364.46,370.39,362.87,367.66,442600
2026-08-05,HEI,369.73,371.46,365.05,366.8,348500
2026-08-06,HEI,372.08,376.86,361.71,363.29,414500
2026-08-07,HEI,366.81,369.35,361.68,367.58,387600
2026-08-10,HEI,369.29,371.56,363.82,363.94,336900
2026-08-11,HEI,362.19,369.27,362.19,366.92,390900
2026-08-12,HEI,367.96,373.55,365.62,373.1,329100
2026-08-13,HEI,375.51,376.07,364.42,371.56,506500
2026-08-14,HEI,371.69,375.84,369.53,374.67,477900
2026-08-17,HEI,372.72,374.5,368.21,371.28,355600
2026-08-18,HEI,367.67,369.62,365.48,368.01,369000
2026-08-19,HEI,370.26,370.26,363.0,363.42,379000
2026-08-20,HEI,359.06,363.04,350.45,350.58,548600
2026-08-21,HEI,352.93,356.43,351.02,355.04,353900
2026-08-24,HEI,353.75,360.05,350.82,352.67,605800
2026-08-25,HEI,357.15,358.59,350.54,351.05,556000
2026-08-26,HEI,370.0,370.0,337.6,346.15,1371700
2026-08-27,HEI,346.19,347.38,332.87,337.01,720400
2026-08-03,HII,333.0,334.53,325.41,325.95,606000
2026-08-04,HII,327.69,330.42,316.47,323.06,607800
2026-08-05,HII,327.37,329.56,316.39,317.7,598400
2026-08-06,HII,322.47,325.28,319.72,321.76,464900
2026-08-07,HII,322.92,325.19,320.5,324.48,292700
2026-08-10,HII,324.83,334.5,324.0,330.81,441000
2026-08-11,HII,328.8,334.17,326.26,327.85,400300
2026-08-12,HII,325.61,329.49,323.25,326.8,313500
2026-08-13,HII,327.02,328.67,322.0,325.76,367200
2026-08-14,HII,330.52,330.75,322.35,327.71,406000
2026-08-17,HII,325.74,327.25,317.51,318.34,422400
2026-08-18,HII,319.44,322.48,317.31,317.61,592900
2026-08-19,HII,316.89,317.0,310.56,311.76,407300
2026-08-20,HII,310.32,310.76,300.26,301.4,400900
2026-08-21,HII,303.42,305.25,296.89,298.2,491300
2026-08-24,HII,297.18,298.05,291.15,294.63,335500
2026-08-25,HII,294.26,295.87,286.5,291.15,364500
2026-08-26,HII,291.15,298.99,291.0,296.4,367800
2026-08-27,HII,296.99,298.83,293.02,297.29,325200
2026-08-03,HON,245.47,249.64,242.2,246.77,3279000
2026-08-04,HON,249.62,250.26,245.0,248.79,3568900
2026-08-05,HON,248.62,251.16,246.74,248.12,2230400
2026-08-06,HON,248.96,250.0,239.93,240.74,5041000
2026-08-07,HON,239.8304,245.9919,238.7636,245.4734,2837400
2026-08-10,HON,245.0248,245.5133,241.1564,242.2032,2245100
2026-08-11,HON,241.5951,244.0776,229.0128,229.4316,5436300
2026-08-12,HON,230.3089,234.965,227.8762,234.636,3145900
2026-08-13,HON,234.7955,235.6429,231.8045,233.29,2477500
2026-08-14,HON,232.39,234.8,232.39,233.96,2686400
2026-08-17,HON,232.31,232.77,228.28,229.45,2599400
2026-08-18,HON,229.29,229.76,227.43,227.71,2505800
2026-08-19,HON,226.9,227.0,221.49,221.73,2306600
2026-08-20,HON,221.09,222.18,218.05,218.32,2438300
2026-08-21,HON,219.38,219.83,215.78,215.9,3470400
2026-08-24,HON,216.01,216.99,213.1,214.77,2686700
2026-08-25,HON,216.51,216.54,214.44,215.68,2265500
2026-08-26,HON,216.52,221.27,216.41,220.67,3214100
2026-08-27,HON,219.68,221.25,217.2,220.39,2246600
2026-08-03,HUBS,245.38,254.07,238.82,239.92,1446900
2026-08-04,HUBS,230.75,249.235,230.67,248.89,1105700
2026-08-05,HUBS,252.88,257.97,239.08,250.21,4099300
2026-08-06,HUBS,193.19,205.59,185.05,202.43,8617000
2026-08-07,HUBS,207.05,214.85,202.33,210.45,3365200
2026-08-10,HUBS,207.67,217.0,205.26,215.91,1780400
2026-08-11,HUBS,215.91,224.89,210.785,220.51,1704900
2026-08-12,HUBS,216.43,220.05,207.89,210.12,1542500
2026-08-13,HUBS,211.54,242.815,209.94,240.51,3427700
2026-08-14,HUBS,240.51,241.538,223.61,224.14,1670400
2026-08-17,HUBS,221.3,223.265,214.8,215.17,1310000
2026-08-18,HUBS,219.5,229.98,217.675,226.24,1544300
2026-08-19,HUBS,225.56,243.63,224.3,241.65,2177800
2026-08-20,HUBS,241.99,244.08,236.0,239.86,993900
2026-08-21,HUBS,237.67,245.51,232.02,240.01,942100
2026-08-24,HUBS,239.57,244.99,237.725,244.17,806500
2026-08-25,HUBS,239.84,246.15,234.13,237.69,1427100
2026-08-26,HUBS,231.63,237.9,231.36,237.08,1161600
2026-08-27,HUBS,244.35,257.412,243.11,255.83,1538200
2026-08-03,IBM,226.7038,226.9222,223.2684,224.6981,7974700
2026-08-04,IBM,223.1592,233.634,221.7096,233.4752,7537900
2026-08-05,IBM,234.4184,237.258,231.7972,234.2397,5726900
2026-08-06,IBM,227.9746,232.8,226.813,231.7674,4250100
2026-08-07,IBM,233.7035,235.6297,231.0625,235.59,4763300
2026-08-10,IBM,235.0,240.74,234.13,236.31,7348900
2026-08-11,IBM,236.31,241.8,235.44,238.42,4469000
2026-08-12,IBM,236.95,237.46,231.68,235.98,5696200
2026-08-13,IBM,238.92,239.71,233.61,237.14,5395200
2026-08-14,IBM,238.37,239.15,233.73,234.32,4523500
2026-08-17,IBM,231.59,233.65,227.4,228.85,7564300
2026-08-18,IBM,229.73,234.45,229.42,232.67,4650100
2026-08-19,IBM,232.26,238.62,230.51,237.16,5342600
2026-08-20,IBM,236.0,237.5,233.03,233.69,4986900
2026-08-21,IBM,233.71,238.72,233.12,235.68,3888700
2026-08-24,IBM,234.37,234.49,230.47,231.04,4078300
2026-08-25,IBM,230.0,234.44,229.51,234.19,3022800
2026-08-26,IBM,230.7,234.23,228.96,229.87,4632000
2026-08-27,IBM,232.8,240.81,231.45,238.79,5501300
2026-08-03,IBN,30.3,30.52,30.06,30.26,4193100
2026-08-04,IBN,30.32,30.39,30.16,30.33,6093400
2026-08-05,IBN,30.44,30.5,30.31,30.4,6592000
2026-08-06,IBN,30.5,30.67,30.4,30.48,3832700
2026-08-07,IBN,30.27,30.3,29.99,30.22,5506100
2026-08-10,IBN,29.94,30.18,29.79,30.08,3467000
2026-08-11,IBN,30.16,30.31,29.87,29.87,2818700
2026-08-12,IBN,29.96,29.97,29.73,29.84,4589200
2026-08-13,IBN,30.15,30.15,29.42,29.48,2786500
2026-08-14,IBN,29.61,29.77,29.61,29.74,5051700
2026-08-17,IBN,29.58,29.69,29.37,29.4,4809700
2026-08-18,IBN,29.46,29.67,29.42,29.63,3028300
2026-08-19,IBN,29.3,29.63,29.25,29.44,3845000
2026-08-20,IBN,29.53,29.77,29.44,29.67,3920700
2026-08-21,IBN,30.0,30.12,29.85,29.91,3080500
2026-08-24,IBN,29.6,29.73,29.29,29.64,3799400
2026-08-25,IBN,29.8,30.51,29.72,30.39,15269100
2026-08-26,IBN,30.4,30.65,30.12,30.15,9706000
2026-08-27,IBN,30.27,30.41,29.79,29.86,5123500
2026-08-03,ILMN,204.14,207.0,197.93,198.16,2611700
2026-08-04,ILMN,199.26,203.44,196.0,203.01,3104200
2026-08-05,ILMN,203.5,203.75,197.08,199.87,2266000
2026-08-06,ILMN,196.73,196.73,187.05,193.72,4276200
2026-08-07,ILMN,195.67,196.04,187.46,187.96,1825100
2026-08-10,ILMN,186.69,193.45,186.64,191.79,1687600
2026-08-11,ILMN,191.68,193.12,187.63,192.84,868000
2026-08-12,ILMN,192.01,193.55,189.24,192.91,1256600
2026-08-13,ILMN,194.0,194.5,187.44,192.64,1061400
2026-08-14,ILMN,190.05,192.78,188.0,190.89,993000
2026-08-17,ILMN,191.01,193.85,188.94,193.14,995800
2026-08-18,ILMN,192.13,192.83,187.54,188.29,1192800
2026-08-19,ILMN,193.51,205.16,192.68,205.0,2090900
2026-08-20,ILMN,200.3,220.32,200.3,213.24,3284400
2026-08-21,ILMN,212.4,220.43,208.5,219.4,1917100
2026-08-24,ILMN,215.98,223.97,212.37,223.22,2250400
2026-08-25,ILMN,224.0,226.84,217.39,224.99,1917700
2026-08-26,ILMN,220.78,227.7,220.0,224.84,1714100
2026-08-27,ILMN,225.49,231.81,224.03,227.69,1937200
2026-08-03,INFY,12.4,12.55,12.21,12.25,30556300
2026-08-04,INFY,12.18,12.64,12.14,12.6,19825900
2026-08-05,INFY,12.5,12.56,12.34,12.48,22906700
2026-08-06,INFY,12.27,12.5,12.04,12.36,33115000
2026-08-07,INFY,12.47,12.6,12.34,12.53,15272100
2026-08-10,INFY,12.45,12.64,12.42,12.56,12604300
2026-08-11,INFY,12.51,12.72,12.45,12.6,14448800
2026-08-12,INFY,12.34,12.39,12.13,12.28,16074700
2026-08-13,INFY,12.31,12.45,12.16,12.41,15555300
2026-08-14,INFY,12.44,12.44,12.06,12.09,11033200
2026-08-17,INFY,11.96,11.99,11.62,11.62,15418500
2026-08-18,INFY,11.73,11.97,11.59,11.83,19065200
2026-08-19,INFY,11.73,12.23,11.72,12.03,21522300
2026-08-20,INFY,11.85,12.03,11.8,11.83,14693100
2026-08-21,INFY,11.83,12.16,11.77,11.94,16035200
2026-08-24,INFY,11.93,11.98,11.81,11.82,15911000
2026-08-25,INFY,11.8,12.05,11.71,12.03,8604700
2026-08-26,INFY,11.81,11.84,11.64,11.69,6728000
2026-08-27,INFY,11.71,11.97,11.7,11.9,17711800
2026-08-03,INTU,324.35,331.15,317.77,318.39,4036200
2026-08-04,INTU,311.19,324.37,309.05,323.6,3491400
2026-08-05,INTU,327.31,328.79,320.44,327.94,3650700
2026-08-06,INTU,319.7,322.65,316.05,321.91,2956500
2026-08-07,INTU,327.0,336.3,324.64,325.25,2977700
2026-08-10,INTU,322.82,334.5,321.66,334.43,2701200
2026-08-11,INTU,332.27,338.09,330.18,336.44,2889500
2026-08-12,INTU,331.79,336.98,328.6,334.71,2547200
2026-08-13,INTU,336.95,361.1,336.78,358.29,4610700
2026-08-14,INTU,362.0,362.0,344.95,345.66,3226900
2026-08-17,INTU,339.08,344.58,332.1,335.6,3531600
2026-08-18,INTU,348.01,355.86,343.0,350.41,3894100
2026-08-19,INTU,349.32,365.38,349.32,362.47,4018300
2026-08-20,INTU,363.09,366.63,358.39,361.87,3288900
2026-08-21,INTU,364.94,371.7,360.07,367.0,3448600
2026-08-24,INTU,366.47,372.98,365.01,369.92,3138900
2026-08-25,INTU,364.35,367.85,356.02,357.46,7200900
2026-08-26,INTU,323.47,351.39,322.57,345.88,11443000
2026-08-27,INTU,353.54,355.5,335.0,348.0,4748400
2026-08-03,IQV,237.17,238.49,230.83,233.36,1644700
2026-08-04,IQV,232.48,233.1,227.15,228.2,1471700
2026-08-05,IQV,233.49,238.22,231.34,236.05,1557700
2026-08-06,IQV,236.0,236.8,228.76,232.43,1265400
2026-08-07,IQV,232.41,238.78,230.5,238.7,1054300
2026-08-10,IQV,237.55,243.18,235.76,241.99,1161400
2026-08-11,IQV,241.47,245.3,240.72,243.84,1084500
2026-08-12,IQV,239.8,243.76,238.0,241.71,854800
2026-08-13,IQV,239.82,244.29,236.51,241.52,749800
2026-08-14,IQV,240.55,243.0,235.87,236.66,905600
2026-08-17,IQV,235.34,241.87,233.76,241.24,1521500
2026-08-18,IQV,244.36,246.02,239.98,240.03,1095600
2026-08-19,IQV,240.46,251.0,240.46,249.28,1209500
2026-08-20,IQV,246.87,260.3,246.87,256.05,1787200
2026-08-21,IQV,256.79,260.4,254.93,259.82,1307300
2026-08-24,IQV,256.81,261.88,255.79,260.24,1114100
2026-08-25,IQV,258.59,261.8,256.45,259.42,901400
2026-08-26,IQV,254.91,262.51,253.16,261.51,1272100
2026-08-27,IQV,261.49,265.25,259.75,262.38,1232400
2026-08-03,ISRG,361.76,375.85,360.98,375.41,3502100
2026-08-04,ISRG,376.31,376.31,364.26,368.27,3938800
2026-08-05,ISRG,372.8,376.63,369.48,375.2,3286400
2026-08-06,ISRG,374.39,378.64,371.68,373.71,2594600
2026-08-07,ISRG,374.55,379.9,372.63,378.81,2465700
2026-08-10,ISRG,379.24,393.63,378.0,393.38,3221600
2026-08-11,ISRG,392.22,402.14,392.22,401.23,4123900
2026-08-12,ISRG,403.81,404.98,397.17,401.27,3142600
2026-08-13,ISRG,403.72,404.69,398.0,401.27,2355600
2026-08-14,ISRG,401.02,402.46,394.06,394.51,1986200
2026-08-17,ISRG,392.1,396.99,389.67,390.33,2157800
2026-08-18,ISRG,394.0,399.87,390.84,391.18,2385000
2026-08-19,ISRG,394.55,405.34,394.0,397.72,2125200
2026-08-20,ISRG,397.23,398.99,372.6,374.48,3970900
2026-08-21,ISRG,375.13,382.04,367.24,378.81,2010300
2026-08-24,ISRG,379.25,384.06,373.48,373.57,1518800
2026-08-25,ISRG,375.25,378.23,367.07,371.84,1768000
2026-08-26,ISRG,368.49,372.37,366.73,370.42,1664300
2026-08-27,ISRG,369.61,372.31,366.9,367.07,1787700
2026-07-30,IWDA.AS,123.55,124.08,123.17,123.69,134234
2026-07-31,IWDA.AS,124.77,125.22,123.95,124.23,96173
2026-08-03,IWDA.AS,125.4,126.2,125.1,126.12,94490
2026-08-04,IWDA.AS,126.84,127.88,126.53,127.8,103359
2026-08-05,IWDA.AS,128.61,128.96,128.16,128.26,93032
2026-08-06,IWDA.AS,128.24,128.49,128.02,128.12,75770
2026-08-07,IWDA.AS,128.31,128.72,128.2,128.65,69480
2026-08-10,IWDA.AS,,,,,84206
2026-08-03,JBTM,141.48,143.58,139.17,142.25,555900
2026-08-04,JBTM,127.57,133.88,125.0,132.47,1142400
2026-08-05,JBTM,131.99,132.51,120.63,122.01,1595100
2026-08-06,JBTM,121.81,126.02,121.6,122.1,683200
2026-08-07,JBTM,121.93,125.58,120.86,123.12,705100
2026-08-10,JBTM,121.4189,123.2973,119.5904,122.3082,592400
2026-08-11,JBTM,121.7286,124.0167,121.1691,121.7086,428300
2026-08-12,JBTM,122.0983,122.0983,117.9018,118.4214,712500
2026-08-13,JBTM,119.4705,119.5005,114.9043,117.4322,1544000
2026-08-14,JBTM,117.3223,120.8693,116.8827,120.08,720400
2026-08-17,JBTM,119.18,120.66,117.37,118.73,544200
2026-08-18,JBTM,117.53,118.8,115.02,115.23,712500
2026-08-19,JBTM,116.44,117.72,114.15,115.03,630300
2026-08-20,JBTM,113.86,116.67,113.81,116.16,548000
2026-08-21,JBTM,116.69,117.42,114.0,116.86,720800
2026-08-24,JBTM,117.36,118.79,113.23,115.08,502400
2026-08-25,JBTM,117.18,118.36,114.58,117.93,440700
2026-08-26,JBTM,118.2,120.86,116.96,119.93,455500
2026-08-27,JBTM,119.09,120.06,116.85,117.99,343500
2026-08-03,JD,33.0,33.215,32.87,33.02,7366500
2026-08-04,JD,32.76,32.97,32.66,32.97,4477100
2026-08-05,JD,33.2,33.2,32.51,32.54,5629200
2026-08-06,JD,32.56,32.83,32.22,32.81,4320200
2026-08-07,JD,32.79,32.985,32.654,32.97,4203900
2026-08-10,JD,32.98,33.49,32.935,33.47,7662300
2026-08-11,JD,32.265,32.265,31.71,31.92,12825900
2026-08-12,JD,31.39,31.61,31.01,31.61,13595600
2026-08-13,JD,30.83,31.37,28.86,29.3,32093900
2026-08-14,JD,28.53,29.155,28.53,29.06,14497300
2026-08-17,JD,28.86,28.99,28.43,28.5,8923500
2026-08-18,JD,28.44,28.82,28.335,28.82,7977600
2026-08-19,JD,28.84,29.38,28.81,29.35,8696200
2026-08-20,JD,29.14,29.5,28.915,29.41,6291300
2026-08-21,JD,29.584,29.584,29.17,29.37,5216100
2026-08-24,JD,29.06,29.36,28.985,29.2,5472400
2026-08-25,JD,28.935,29.385,28.88,29.36,5213600
2026-08-26,JD,28.99,29.12,28.74,28.77,4705100
2026-08-27,JD,28.51,28.555,28.32,28.49,4364300
2026-08-03,JNJ,254.97,257.75,250.91,254.41,8136300
2026-08-04,JNJ,254.41,255.52,250.44,254.93,7362400
2026-08-05,JNJ,255.25,259.32,254.47,257.59,6472600
2026-08-06,JNJ,261.71,262.11,255.28,256.98,6931800
2026-08-07,JNJ,255.89,259.6,255.12,259.24,6532100
2026-08-10,JNJ,259.06,262.0,258.55,261.81,8985100
2026-08-11,JNJ,261.23,264.15,258.36,259.8,5945900
2026-08-12,JNJ,256.0,261.41,255.26,260.86,4629300
2026-08-13,JNJ,261.73,262.62,259.65,262.08,4852700
2026-08-14,JNJ,260.65,261.71,259.16,260.35,4998100
2026-08-17,JNJ,258.87,264.28,258.01,262.37,5515500
2026-08-18,JNJ,267.67,271.73,266.33,271.11,7838200
2026-08-19,JNJ,271.6602,275.1132,269.2322,272.0682,7728500
2026-08-20,JNJ,272.0582,272.0582,266.0578,266.0578,6475900
2026-08-21,JNJ,266.5156,271.3219,265.6896,268.9137,6186800
2026-08-24,JNJ,268.4162,272.6354,267.2519,271.7,5436100
2026-08-25,JNJ,271.0,273.8,270.18,273.14,4687000
2026-08-26,JNJ,271.97,272.91,269.55,270.0,7214100
2026-08-27,JNJ,268.45,268.45,263.83,265.77,7306200
2026-08-03,JPM,353.75,355.62,350.84,352.64,6436600
2026-08-04,JPM,355.0,363.0,353.87,357.52,8477200
2026-08-05,JPM,358.97,362.17,358.2,359.24,5269500
2026-08-06,JPM,362.81,362.81,354.95,356.3,5820100
2026-08-07,JPM,355.76,358.85,353.33,357.52,4566200
2026-08-10,JPM,357.96,359.99,356.5,359.79,5327500
2026-08-11,JPM,360.05,363.12,358.6,362.04,4576500
2026-08-12,JPM,362.97,366.09,361.3,365.18,4366800
2026-08-13,JPM,366.5,366.5,361.52,363.11,5102700
2026-08-14,JPM,363.0,365.9,361.45,362.84,5058600
2026-08-17,JPM,361.94,365.75,360.96,360.96,5282600
2026-08-18,JPM,362.34,363.57,359.27,363.25,5525100
2026-08-19,JPM,363.01,363.05,355.65,357.26,6696200
2026-08-20,JPM,357.6,357.95,351.55,351.55,6799700
2026-08-21,JPM,354.07,356.86,350.37,351.58,8112100
2026-08-24,JPM,353.3,358.28,352.82,356.39,4394400
2026-08-25,JPM,357.0,357.37,353.07,356.69,4298000
2026-08-26,JPM,356.5,358.35,354.6,356.5,5796500
2026-08-27,JPM,354.68,357.57,352.23,354.22,5209900
2026-08-03,KLAC,177.97,183.19,174.6,182.75,10263000
2026-08-04,KLAC,191.98,196.73,188.13,195.45,13251400
2026-08-05,KLAC,195.47,201.16,191.22,192.8,10017200
2026-08-06,KLAC,189.59,198.32,185.77,193.22,13257400
2026-08-07,KLAC,197.98,201.83,195.05,198.11,8974100
2026-08-10,KLAC,204.5488,204.8285,192.2527,192.5224,10318300
2026-08-11,KLAC,198.4457,202.9206,194.7799,200.2437,8098400
2026-08-12,KLAC,209.8628,210.0326,204.9883,208.0149,11951900
2026-08-13,KLAC,208.2846,214.5575,206.7663,209.1336,8543100
2026-08-14,KLAC,206.5665,208.6342,200.6332,203.49,7357900
2026-08-17,KLAC,206.89,209.1,202.48,205.76,9479000
2026-08-18,KLAC,195.47,199.52,191.78,194.79,13530000
2026-08-19,KLAC,196.44,196.98,185.38,187.27,9701600
2026-08-20,KLAC,185.56,189.36,184.55,185.86,7330100
2026-08-21,KLAC,189.44,189.77,182.11,183.99,8906400
2026-08-24,KLAC,180.02,182.84,176.45,181.57,9867600
2026-08-25,KLAC,184.58,186.13,180.71,183.34,8897400
2026-08-26,KLAC,183.41,184.26,179.7,183.83,5962800
2026-08-27,KLAC,185.01,186.78,180.85,183.77,6553000
2026-08-03,KO,88.48,88.48,86.63,86.86,23197100
2026-08-04,KO,85.79,86.68,85.16,86.56,17085700
2026-08-05,KO,87.05,87.15,86.19,86.83,15868600
2026-08-06,KO,87.86,87.97,86.42,86.85,13568500
2026-08-07,KO,86.51,87.17,86.19,87.05,11221700
2026-08-10,KO,87.11,87.53,86.43,86.87,13710800
2026-08-11,KO,86.62,87.05,86.11,86.48,16018000
2026-08-12,KO,85.78,87.29,85.66,86.71,12651900
2026-08-13,KO,87.14,87.75,86.91,87.42,10140600
2026-08-14,KO,87.3,87.97,87.2,87.71,9166400
2026-08-17,KO,87.3,88.02,86.85,86.98,12056400
2026-08-18,KO,88.4,88.96,87.88,88.82,12524500
2026-08-19,KO,88.59,90.76,88.59,90.35,15993900
2026-08-20,KO,90.18,91.87,89.73,90.5,14928000
2026-08-21,KO,90.85,91.2,90.32,91.1,15595800
2026-08-24,KO,92.12,92.49,91.45,91.99,14787700
2026-08-25,KO,91.57,92.08,91.3,91.64,11940100
2026-08-26,KO,92.21,92.21,90.0,90.08,17133900
2026-08-27,KO,89.41,90.03,88.96,89.06,13441700
2026-08-03,LHX,277.0,281.5,274.71,277.86,3416900
2026-08-04,LHX,279.69,286.37,276.77,285.3,1634100
2026-08-05,LHX,286.8,290.49,284.39,286.12,1281400
2026-08-06,LHX,289.45,291.38,286.87,289.53,1018000
2026-08-07,LHX,288.61,289.17,284.13,286.67,1094100
2026-08-10,LHX,288.86,294.14,288.22,289.72,1120700
2026-08-11,LHX,289.0,290.82,285.67,286.02,1072000
2026-08-12,LHX,284.73,290.78,282.0,290.74,1840900
2026-08-13,LHX,291.07,291.8,286.29,288.46,1101800
2026-08-14,LHX,291.56,293.0,288.79,291.82,1012100
2026-08-17,LHX,283.0,285.95,277.77,278.38,2981400
2026-08-18,LHX,280.0,284.0,279.34,279.54,1811800
2026-08-19,LHX,281.0,281.0,276.35,277.11,1076800
2026-08-20,LHX,275.69,276.62,269.59,270.44,1729200
2026-08-21,LHX,271.17,271.75,266.43,266.73,1970100
2026-08-24,LHX,265.69,265.78,261.55,262.83,1576000
2026-08-25,LHX,263.24,263.82,260.95,262.17,1748700
2026-08-26,LHX,259.98,264.85,258.54,262.96,1394800
2026-08-27,LHX,262.15,263.46,259.6,261.98,1684600
2026-08-03,LLY,1152.0,1161.9399,1109.15,1121.36,2934000
2026-08-04,LLY,1117.38,1135.83,1109.16,1115.6801,4097200
2026-08-05,LLY,1174.0,1216.9399,1138.4301,1169.86,6445700
2026-08-06,LLY,1196.55,1230.88,1173.5,1191.9399,3422400
2026-08-07,LLY,1186.3001,1195.0875,1159.5384,1184.0133,2898500
2026-08-10,LLY,1183.3143,1230.1771,1182.7152,1230.1771,3011900
2026-08-11,LLY,1228.889,1236.2285,1207.7992,1213.2814,2113200
2026-08-12,LLY,1200.0104,1224.745,1189.3756,1218.5339,1941600
2026-08-13,LLY,1236.5281,1238.3255,1204.2743,1207.27,1927300
2026-08-14,LLY,1194.01,1199.0,1171.2,1180.16,2274500
2026-08-17,LLY,1175.2,1198.52,1163.5,1183.16,1807000
2026-08-18,LLY,1200.0,1228.47,1194.01,1225.73,2509100
2026-08-19,LLY,1245.8101,1292.65,1240.54,1280.34,4541800
2026-08-20,LLY,1274.13,1280.28,1243.23,1244.4,2621400
2026-08-21,LLY,1232.0,1271.22,1230.0,1255.4,2497300
2026-08-24,LLY,1262.14,1262.14,1230.95,1246.9301,1664600
2026-08-25,LLY,1249.0,1264.73,1229.79,1233.66,2141100
2026-08-26,LLY,1234.0,1235.78,1180.01,1189.41,3000500
2026-08-27,LLY,1182.25,1190.11,1171.71,1176.1,2730600
2026-08-03,LMT,583.5,589.41,579.03,586.29,1236400
2026-08-04,LMT,587.19,592.5,578.3,589.33,1181200
2026-08-05,LMT,593.0,593.69,577.13,577.6,954700
2026-08-06,LMT,584.31,588.49,577.81,582.85,738400
2026-08-07,LMT,581.11,588.39,577.0,587.95,749600
2026-08-10,LMT,591.77,606.65,589.72,603.16,1185800
2026-08-11,LMT,600.31,602.75,592.89,597.77,924800
2026-08-12,LMT,595.49,610.36,588.01,606.72,1036800
2026-08-13,LMT,609.78,609.78,596.48,598.01,798400
2026-08-14,LMT,603.0,609.24,599.11,608.68,862600
2026-08-17,LMT,605.5,607.03,593.56,593.74,880400
2026-08-18,LMT,600.07,612.75,600.07,607.17,1024100
2026-08-19,LMT,605.0,606.07,589.04,589.15,1006500
2026-08-20,LMT,586.67,591.68,569.54,571.48,1555000
2026-08-21,LMT,571.48,572.95,563.07,563.57,1099800
2026-08-24,LMT,563.5,567.5,558.53,564.14,1080600
2026-08-25,LMT,564.14,567.98,555.27,556.52,1289700
2026-08-26,LMT,559.0,569.96,556.45,565.62,844000
2026-08-27,LMT,564.81,566.03,560.02,565.89,823000
2026-08-03,LRCX,283.34,295.93,276.84,294.61,10010900
2026-08-04,LRCX,308.83,320.25,306.16,317.74,15796600
2026-08-05,LRCX,318.54,323.64,305.36,307.42,9302000
2026-08-06,LRCX,300.0,314.16,293.65,305.77,7430400
2026-08-07,LRCX,311.87,315.59,303.83,311.35,6714100
2026-08-10,LRCX,319.5,319.99,305.5,306.4,7022800
2026-08-11,LRCX,315.03,316.86,309.35,311.41,7669400
2026-08-12,LRCX,326.84,329.49,323.5,326.11,8075600
2026-08-13,LRCX,327.62,345.12,324.01,337.01,8901000
2026-08-14,LRCX,332.36,342.0,326.56,332.36,7422900
2026-08-17,LRCX,337.87,345.28,333.4,343.84,8505600
2026-08-18,LRCX,324.18,329.07,317.41,327.92,10210000
2026-08-19,LRCX,328.52,328.57,305.08,307.17,10861500
2026-08-20,LRCX,305.23,312.54,302.95,310.53,6802600
2026-08-21,LRCX,317.86,319.1,303.85,314.0,5940400
2026-08-24,LRCX,307.94,311.44,297.78,310.17,8608400
2026-08-25,LRCX,316.2,318.61,307.86,314.66,5018300
2026-08-26,LRCX,314.61,315.72,308.05,312.88,4113500
2026-08-27,LRCX,318.88,321.41,310.44,318.58,6555900
2026-08-03,MA,580.0,583.71,570.78,570.97,3508300
2026-08-04,MA,566.99,573.35,564.0,571.1,3207100
2026-08-05,MA,575.74,578.26,568.6,570.48,2431700
2026-08-06,MA,573.21,576.36,566.37,575.95,3017000
2026-08-07,MA,572.57,572.99,561.62,562.95,3018500
2026-08-10,MA,561.11,566.77,559.36,563.17,2644100
2026-08-11,MA,562.71,567.63,560.0,561.44,2465000
2026-08-12,MA,557.56,563.55,556.06,559.73,3095200
2026-08-13,MA,565.61,568.28,557.7,567.04,1982600
2026-08-14,MA,567.95,570.67,564.44,569.29,2473300
2026-08-17,MA,565.24,569.27,561.26,562.26,3019000
2026-08-18,MA,563.87,578.5,563.18,574.31,3907600
2026-08-19,MA,571.5,582.93,570.33,573.72,3053200
2026-08-20,MA,572.07,579.61,571.8,573.85,2612700
2026-08-21,MA,574.55,582.28,573.04,580.63,2200300
2026-08-24,MA,585.0,599.99,584.22,599.86,3122300
2026-08-25,MA,596.87,601.23,595.35,599.37,3370900
2026-08-26,MA,599.37,600.49,594.71,598.47,3110900
2026-08-27,MA,593.76,594.01,588.11,591.73,3193800
2026-08-03,MCD,275.71,276.33,265.23,265.23,7440500
2026-08-04,MCD,270.33,271.53,264.31,268.34,7486000
2026-08-05,MCD,271.64,275.3,269.01,274.0,4775300
2026-08-06,MCD,276.0,276.83,271.76,276.26,4214900
2026-08-07,MCD,274.51,276.87,273.29,274.48,4909700
2026-08-10,MCD,274.14,275.75,270.36,273.72,4742100
2026-08-11,MCD,273.23,274.21,271.32,274.15,3030600
2026-08-12,MCD,271.93,276.2,268.76,275.7,4351700
2026-08-13,MCD,277.38,278.37,272.15,272.25,4023300
2026-08-14,MCD,272.33,275.34,271.27,272.83,2735400
2026-08-17,MCD,270.22,270.82,265.14,265.53,4911800
2026-08-18,MCD,267.47,270.21,266.84,266.99,3089200
2026-08-19,MCD,266.35,271.87,266.09,267.45,5351600
2026-08-20,MCD,267.57,271.88,266.91,269.13,3526300
2026-08-21,MCD,269.3,271.25,268.11,270.95,3776000
2026-08-24,MCD,272.15,273.42,270.59,272.54,4115900
2026-08-25,MCD,272.46,272.6,267.98,268.1,3192700
2026-08-26,MCD,268.5,269.06,266.11,266.93,4182300
2026-08-27,MCD,265.49,265.73,259.85,260.06,5963700
2026-08-03,MCHP,73.46,75.72,72.58,75.22,8143500
2026-08-04,MCHP,77.5,80.98,77.5,80.67,16079400
2026-08-05,MCHP,80.1,80.39,77.0,77.79,9796300
2026-08-06,MCHP,76.62,79.6,74.22,74.36,15904000
2026-08-07,MCHP,81.35,85.97,80.68,84.69,19095100
2026-08-10,MCHP,85.54,85.66,81.14,81.39,8793300
2026-08-11,MCHP,82.28,83.44,80.67,81.02,7005500
2026-08-12,MCHP,83.73,83.74,79.3,79.44,9225600
2026-08-13,MCHP,79.49,80.43,77.6,77.69,7415000
2026-08-14,MCHP,77.87,79.35,77.27,79.17,8246400
2026-08-17,MCHP,79.5812,80.9231,78.8953,79.78,8530600
2026-08-18,MCHP,77.5435,78.0007,75.1976,77.7224,12743300
2026-08-19,MCHP,78.7959,79.273,76.5097,76.619,8833000
2026-08-20,MCHP,76.2314,76.957,75.2274,75.3566,6824800
2026-08-21,MCHP,76.3606,76.5395,74.6111,75.625,4628800
2026-08-24,MCHP,74.79,75.23,72.77,74.21,11782200
2026-08-25,MCHP,75.32,75.32,73.13,73.5,6001700
2026-08-26,MCHP,73.41,74.41,72.91,74.05,6224900
2026-08-27,MCHP,74.59,75.57,73.71,75.49,7520800
2026-08-03,MDB,347.65,363.6,341.75,357.97,1810200
2026-08-04,MDB,356.885,383.2,356.56,380.04,2053400
2026-08-05,MDB,381.01,387.14,373.0,376.36,1623800
2026-08-06,MDB,358.0,377.143,355.0,370.0,1552400
2026-08-07,MDB,382.46,399.87,380.43,398.8,1709900
2026-08-10,MDB,394.41,423.3,393.81,416.67,1696000
2026-08-11,MDB,425.9,439.36,418.124,439.16,1767000
2026-08-12,MDB,428.82,443.31,428.0,437.83,1455100
2026-08-13,MDB,443.99,472.32,442.75,472.29,2156800
2026-08-14,MDB,469.83,473.1,455.19,460.33,1576300
2026-08-17,MDB,453.82,457.98,437.23,438.7,1623400
2026-08-18,MDB,430.67,449.62,430.67,434.62,1119700
2026-08-19,MDB,437.32,444.78,425.29,440.53,1178900
2026-08-20,MDB,433.92,437.015,418.897,420.37,1273600
2026-08-21,MDB,425.95,431.925,415.01,430.83,917900
2026-08-24,MDB,423.5,425.329,401.0,402.69,1453200
2026-08-25,MDB,406.71,415.71,397.72,404.92,925700
2026-08-26,MDB,391.225,407.71,388.08,406.11,973600
2026-08-27,MDB,420.0,445.95,419.035,440.58,1798600
2026-08-03,MELI,1916.7,1926.0,1875.99,1898.79,442900
2026-08-04,MELI,1889.66,1906.38,1864.5601,1888.5,448300
2026-08-05,MELI,1923.25,1944.99,1909.11,1922.5699,606200
2026-08-06,MELI,1825.51,1833.21,1766.05,1830.0,1200900
2026-08-07,MELI,1820.55,1851.1899,1800.01,1820.6899,491800
2026-08-10,MELI,1817.42,1848.5,1806.51,1824.34,313100
2026-08-11,MELI,1850.0,1946.0,1830.27,1940.0,803600
2026-08-12,MELI,1921.0,1927.0,1827.0,1828.29,684500
2026-08-13,MELI,1840.0,1858.5,1815.01,1828.25,356700
2026-08-14,MELI,1837.27,1874.98,1832.01,1844.58,270300
2026-08-17,MELI,1823.39,1829.1801,1767.51,1787.5699,534300
2026-08-18,MELI,1782.0601,1813.99,1759.21,1779.14,340900
2026-08-19,MELI,1780.5,1918.17,1771.0,1908.65,709200
2026-08-20,MELI,1897.76,1929.64,1885.33,1921.96,399500
2026-08-21,MELI,1928.39,1962.5699,1911.01,1922.73,422700
2026-08-24,MELI,1926.75,1990.99,1918.0,1947.9,459800
2026-08-25,MELI,1937.83,2011.2,1929.0,1997.0,432100
2026-08-26,MELI,1995.39,2008.38,1948.4,1950.4399,326500
2026-08-27,MELI,1947.26,1961.99,1906.0699,1930.75,370100
2026-08-03,META,562.24,597.52,559.36,590.24,25938100
2026-08-04,META,581.5,592.79,578.25,587.94,17959200
2026-08-05,META,600.46,601.0,580.12,588.77,14897200
2026-08-06,META,586.95,595.31,586.0,589.9,11811500
2026-08-07,META,585.64,598.74,585.62,592.1,11250300
2026-08-10,META,599.13,608.21,592.03,594.92,14967300
2026-08-11,META,598.0,612.43,593.4,599.12,13146900
2026-08-12,META,601.07,604.5,578.21,578.85,16186900
2026-08-13,META,580.71,595.85,579.39,594.97,11164200
2026-08-14,META,596.98,601.86,589.29,589.85,8758000
2026-08-17,META,589.75,590.24,564.75,568.97,17225600
2026-08-18,META,557.48,560.66,543.21,543.67,27094900
2026-08-19,META,541.34,554.07,537.27,546.03,16971700
2026-08-20,META,546.95,549.99,539.31,545.83,13872200
2026-08-21,META,546.89,553.87,543.23,549.9,13848000
2026-08-24,META,550.2,561.42,546.3,559.02,12990600
2026-08-25,META,563.88,570.8,561.4,570.05,9769100
2026-08-26,META,590.31,593.34,561.88,576.14,31416300
2026-08-27,META,576.48,588.39,567.62,571.1,15191500
2026-08-03,MMYT,62.78,65.0,60.16,61.78,1499000
2026-08-04,MMYT,61.5,64.28,61.05,63.22,1463500
2026-08-05,MMYT,63.11,63.38,60.11,61.2,1011000
2026-08-06,MMYT,60.09,60.88,59.23,60.05,1067800
2026-08-07,MMYT,60.09,60.96,59.5,60.01,489300
2026-08-10,MMYT,60.09,61.82,59.74,60.91,373200
2026-08-11,MMYT,60.91,62.5,60.91,61.41,485800
2026-08-12,MMYT,61.41,62.48,59.95,60.31,466500
2026-08-13,MMYT,60.41,61.05,59.46,60.74,355600
2026-08-14,MMYT,61.43,61.65,60.04,60.42,256700
2026-08-17,MMYT,61.09,62.31,59.47,59.7,488800
2026-08-18,MMYT,59.32,60.45,58.92,59.48,216400
2026-08-19,MMYT,59.96,62.61,59.83,61.24,459300
2026-08-20,MMYT,61.24,63.2,60.66,60.79,431500
2026-08-21,MMYT,61.78,62.18,60.25,60.46,300400
2026-08-24,MMYT,59.87,60.7,59.06,60.33,311300
2026-08-25,MMYT,60.42,61.56,59.97,60.43,343300
2026-08-26,MMYT,60.21,60.75,58.51,59.16,456700
2026-08-27,MMYT,59.08,59.56,57.83,58.18,522700
2026-08-03,MPWR,1417.78,1421.61,1305.01,1344.37,1215200
2026-08-04,MPWR,1402.1,1425.99,1333.3199,1335.03,1228400
2026-08-05,MPWR,1320.01,1358.61,1308.46,1345.46,705000
2026-08-06,MPWR,1313.25,1415.37,1305.13,1359.08,629500
2026-08-07,MPWR,1385.97,1417.09,1370.95,1401.54,605700
2026-08-10,MPWR,1428.22,1430.0,1379.17,1381.1,493600
2026-08-11,MPWR,1413.78,1431.63,1383.63,1402.11,413700
2026-08-12,MPWR,1451.1801,1464.99,1423.1,1425.01,623100
2026-08-13,MPWR,1421.4399,1438.38,1358.0,1362.55,506200
2026-08-14,MPWR,1360.0,1404.14,1355.11,1402.01,440300
2026-08-17,MPWR,1418.01,1448.76,1411.6,1415.99,542800
2026-08-18,MPWR,1365.45,1376.53,1303.22,1333.1801,1144300
2026-08-19,MPWR,1321.12,1335.1899,1267.77,1300.14,710800
2026-08-20,MPWR,1311.34,1327.0,1295.02,1310.6,437100
2026-08-21,MPWR,1321.13,1337.7,1297.3,1316.28,529600
2026-08-24,MPWR,1298.38,1305.64,1255.5601,1285.03,897600
2026-08-25,MPWR,1310.0601,1322.99,1291.54,1304.15,359500
2026-08-26,MPWR,1301.04,1311.02,1284.5601,1303.88,254500
2026-08-27,MPWR,1319.75,1332.0,1290.86,1311.08,459000
2026-08-03,MRK,129.87,131.47,126.72,127.77,11153800
2026-08-04,MRK,128.46,129.99,126.22,128.0,11816900
2026-08-05,MRK,129.41,131.09,127.56,128.33,10501900
2026-08-06,MRK,130.96,131.08,127.8,128.37,7051700
2026-08-07,MRK,127.84,128.75,126.68,128.58,7347500
2026-08-10,MRK,128.29,130.98,128.24,130.92,6007600
2026-08-11,MRK,129.93,132.84,129.7,130.42,6342200
2026-08-12,MRK,130.25,134.06,128.91,132.92,10447100
2026-08-13,MRK,133.86,135.68,133.06,135.55,8895200
2026-08-14,MRK,134.43,135.97,133.4,135.84,6869000
2026-08-17,MRK,134.95,137.17,134.55,135.97,8477300
2026-08-18,MRK,137.24,137.98,134.88,135.17,10284200
2026-08-19,MRK,146.94,153.5,144.9,152.2,32776300
2026-08-20,MRK,150.78,152.52,148.52,148.99,16204700
2026-08-21,MRK,149.12,154.49,148.59,152.55,15976200
2026-08-24,MRK,150.72,151.52,149.14,150.66,15032000
2026-08-25,MRK,151.0,156.92,150.66,156.45,14005100
2026-08-26,MRK,154.35,155.19,152.61,153.1,8627600
2026-08-27,MRK,149.53,152.08,149.02,149.54,8522600
2026-08-03,MRNA,54.925,58.0,52.66,55.14,5176700
2026-08-04,MRNA,56.84,58.34,55.875,56.99,4000100
2026-08-05,MRNA,58.0,59.45,55.58,56.255,5163300
2026-08-06,MRNA,57.54,59.0,53.71,53.86,5640300
2026-08-07,MRNA,54.79,59.415,54.62,59.17,6820600
2026-08-10,MRNA,59.75,60.77,58.41,59.81,6224500
2026-08-11,MRNA,60.21,61.4,58.6,60.57,6556300
2026-08-12,MRNA,60.58,64.26,59.29,63.67,6582000
2026-08-13,MRNA,63.8,65.33,62.33,63.65,8159700
2026-08-14,MRNA,62.89,63.782,60.82,63.32,4700900
2026-08-17,MRNA,64.775,65.525,62.91,64.46,3979600
2026-08-18,MRNA,63.04,64.46,62.129,62.96,4305000
2026-08-19,MRNA,116.02,176.66,114.46,174.38,199252300
2026-08-20,MRNA,150.14,155.0,128.61,133.32,99499900
2026-08-21,MRNA,133.11,159.47,132.42,145.13,87316100
2026-08-24,MRNA,142.7,145.5,130.0,138.89,31587200
2026-08-25,MRNA,143.5,161.37,141.21,158.83,49225700
2026-08-26,MRNA,154.2,156.13,145.1,149.66,22009500
2026-08-27,MRNA,144.18,148.588,138.54,142.77,24929100
2026-08-03,MS,211.46,211.69,208.01,211.23,4982600
2026-08-04,MS,213.67,218.76,211.51,217.04,8932800
2026-08-05,MS,218.14,220.12,217.12,218.27,4344100
2026-08-06,MS,219.01,219.78,213.54,213.75,3588000
2026-08-07,MS,213.74,216.47,211.81,216.33,5225800
2026-08-10,MS,216.33,217.62,214.38,215.33,3837600
2026-08-11,MS,216.32,217.21,213.52,215.07,3785000
2026-08-12,MS,218.49,220.5,216.98,217.64,3742600
2026-08-13,MS,219.3,222.0,217.88,218.38,3611200
2026-08-14,MS,217.8,218.72,215.3,217.36,3405800
2026-08-17,MS,217.36,220.53,217.36,218.21,3397500
2026-08-18,MS,217.06,217.7,215.19,217.55,2777900
2026-08-19,MS,218.78,218.78,213.56,214.23,4910200
2026-08-20,MS,214.29,215.07,207.32,207.45,4875200
2026-08-21,MS,210.08,214.57,209.13,214.2,4573000
2026-08-24,MS,214.44,216.3,213.22,214.08,3444100
2026-08-25,MS,214.86,217.34,213.37,216.77,3270400
2026-08-26,MS,217.0,217.0,211.85,214.08,4126100
2026-08-27,MS,214.03,216.52,213.5,214.86,3923400
2026-07-30,MSFT,437.9,458.69,432.44,451.1,110160700
2026-07-31,MSFT,450.0,466.84,449.33,464.72,60846000
2026-08-03,MSFT,476.13,491.65,475.0,487.65,66762100
2026-08-04,MSFT,480.9,499.44,479.17,492.81,50455500
2026-08-05,MSFT,496.36,498.24,485.68,487.46,33388900
2026-08-06,MSFT,488.55,501.56,488.52,499.86,36441500
2026-08-07,MSFT,499.21,505.18,498.73,499.99,28846200
2026-08-10,MSFT,503.44,513.73,502.27,506.06,31206100
2026-08-11,MSFT,504.33,505.33,499.55,503.81,23049800
2026-08-12,MSFT,499.99,501.5,491.52,492.43,29001500
2026-08-13,MSFT,492.3431,500.398,492.0837,495.9464,23039000
2026-08-14,MSFT,495.4273,499.0705,492.9919,494.4691,16217600
2026-08-17,MSFT,489.2191,491.7343,477.5111,479.4474,29635800
2026-08-18,MSFT,480.6352,483.3601,476.2534,480.725,24087600
2026-08-19,MSFT,479.168,488.3806,478.4593,483.4,19961900
2026-08-20,MSFT,483.3,484.16,479.5,481.15,20020800
2026-08-21,MSFT,479.88,486.36,478.53,483.24,22510800
2026-08-24,MSFT,483.21,490.61,481.86,487.31,17230800
2026-08-25,MSFT,485.44,492.44,484.3,491.71,19519000
2026-08-26,MSFT,487.85,497.4,487.31,496.37,20758900
2026-08-27,MSFT,494.88,506.48,490.08,505.06,28649300
2026-08-03,MU,786.36,836.62,770.1,829.5,42607100
2026-08-04,MU,866.82,902.43,858.5,892.67,37478600
2026-08-05,MU,885.3,928.98,881.2,893.19,34720300
2026-08-06,MU,843.11,913.33,827.0,881.47,35784100
2026-08-07,MU,903.6,904.8,847.02,877.57,34568500
2026-08-10,MU,863.67,894.99,854.4,861.0,27818600
2026-08-11,MU,871.8,879.0,844.62,868.52,29438300
2026-08-12,MU,912.94,935.8,899.54,911.29,36804900
2026-08-13,MU,912.89,978.0,906.5,949.83,36704700
2026-08-14,MU,979.32,984.0,956.2,971.66,27881100
2026-08-17,MU,999.55,1036.13,995.26,1011.75,33430500
2026-08-18,MU,957.1,978.67,926.64,940.76,37306000
2026-08-19,MU,959.36,960.0,915.18,937.11,26901900
2026-08-20,MU,935.01,977.28,929.07,974.33,25212200
2026-08-21,MU,989.68,989.96,958.26,966.78,21823400
2026-08-24,MU,934.78,936.45,887.61,910.43,30012600
2026-08-25,MU,928.98,946.67,916.3,932.97,19163200
2026-08-26,MU,925.74,945.75,924.6,938.4,18721700
2026-08-27,MU,967.01,968.71,906.89,935.39,28691600
2026-08-03,NEE,86.75,87.38,85.71,86.55,11862300
2026-08-04,NEE,86.13,87.31,85.48,87.2,11420100
2026-08-05,NEE,86.9,87.03,84.97,85.91,11841100
2026-08-06,NEE,86.71,86.88,83.94,84.6,18596400
2026-08-07,NEE,83.89,85.37,83.49,84.65,9327400
2026-08-10,NEE,84.18,84.76,83.65,84.7,10046700
2026-08-11,NEE,84.49,85.79,84.38,85.74,6668700
2026-08-12,NEE,85.49,86.1,85.26,85.78,7473300
2026-08-13,NEE,85.75,86.24,85.46,86.01,8872100
2026-08-14,NEE,86.02,86.53,85.83,86.19,7238400
2026-08-17,NEE,85.85,86.32,85.51,86.22,9556900
2026-08-18,NEE,87.05,87.52,86.09,86.22,10956700
2026-08-19,NEE,86.54,86.83,85.59,85.91,14932800
2026-08-20,NEE,85.38,85.99,84.6,85.03,15235400
2026-08-21,NEE,85.2,85.27,83.54,83.65,11887200
2026-08-24,NEE,83.95,84.19,83.24,84.1,7670200
2026-08-25,NEE,84.01,84.55,83.3,84.22,7679100
2026-08-26,NEE,84.16,84.73,84.03,84.22,5683700
2026-08-27,NEE,83.52,83.76,82.78,83.47,8641700
2026-08-03,NET,278.845,288.69,276.07,282.74,3095200
2026-08-04,NET,280.0,303.76,278.51,301.33,5453800
2026-08-05,NET,300.08,305.0,291.0,292.96,3962300
2026-08-06,NET,283.18,291.755,280.13,284.43,5616200
2026-08-07,NET,318.0,324.73,295.89,300.27,8769300
2026-08-10,NET,295.5,312.66,290.49,310.59,7857500
2026-08-11,NET,307.6,313.77,295.5,306.97,6073100
2026-08-12,NET,308.96,320.3,308.55,311.45,3096800
2026-08-13,NET,313.775,332.22,313.02,330.83,5236800
2026-08-14,NET,331.0,331.95,315.19,315.78,3026400
2026-08-17,NET,311.79,315.35,303.99,307.01,3320100
2026-08-18,NET,303.775,309.961,297.633,301.36,2314600
2026-08-19,NET,300.1,301.66,285.72,291.88,3096000
2026-08-20,NET,290.62,292.485,277.83,278.91,3052000
2026-08-21,NET,280.86,293.57,274.03,293.14,2960000
2026-08-24,NET,288.7,289.98,280.185,280.35,2631400
2026-08-25,NET,285.62,287.0,273.21,277.58,1876300
2026-08-26,NET,273.82,290.89,272.29,284.89,3112900
2026-08-27,NET,290.29,309.53,290.275,308.23,4251800
2026-08-03,NKE,42.57,43.21,42.06,42.64,21329900
2026-08-04,NKE,41.35,42.09,40.91,41.53,27802800
2026-08-05,NKE,41.65,42.48,41.36,42.45,22088600
2026-08-06,NKE,42.52,42.64,41.85,42.0,18150300
2026-08-07,NKE,42.02,42.37,41.61,41.7,22042300
2026-08-10,NKE,41.74,42.23,41.14,42.11,21664600
2026-08-11,NKE,41.48,41.53,40.83,41.32,25538000
2026-08-12,NKE,41.03,41.25,40.45,40.51,28760300
2026-08-13,NKE,40.74,41.47,40.48,41.23,23641700
2026-08-14,NKE,41.23,41.33,40.71,40.73,23639800
2026-08-17,NKE,40.35,40.6,38.86,39.09,58659900
2026-08-18,NKE,39.65,40.64,39.23,40.06,39173300
2026-08-19,NKE,40.53,41.31,40.37,41.05,22055700
2026-08-20,NKE,40.49,40.64,39.81,40.21,16662100
2026-08-21,NKE,40.26,41.13,40.24,40.76,14707800
2026-08-24,NKE,41.0,41.34,40.68,40.75,18839100
2026-08-25,NKE,39.52,39.87,39.03,39.48,41525000
2026-08-26,NKE,39.4,39.48,38.41,38.59,38604300
2026-08-27,NKE,38.5,38.8,38.17,38.44,36459800
2026-08-03,NOC,546.02,557.61,543.53,548.47,672800
2026-08-04,NOC,547.77,555.0,541.09,551.55,753100
2026-08-05,NOC,555.88,557.57,549.77,557.47,627900
2026-08-06,NOC,563.81,568.68,559.0,567.74,603900
2026-08-07,NOC,566.8,572.75,560.54,571.58,442900
2026-08-10,NOC,575.0,581.59,573.11,577.89,643000
2026-08-11,NOC,575.94,580.75,572.98,575.69,430400
2026-08-12,NOC,571.07,580.04,569.51,577.32,626600
2026-08-13,NOC,578.72,579.94,571.92,574.74,409500
2026-08-14,NOC,579.36,586.36,574.44,585.87,599200
2026-08-17,NOC,581.85,584.96,569.25,570.2,659800
2026-08-18,NOC,579.07,594.51,576.2,589.14,763800
2026-08-19,NOC,583.35,591.55,578.85,582.84,671700
2026-08-20,NOC,580.74,586.0,563.43,563.86,1236100
2026-08-21,NOC,566.14,567.51,550.18,551.03,926700
2026-08-24,NOC,553.0,553.0,546.5,549.28,440900
2026-08-25,NOC,547.82,549.79,540.04,542.52,554000
2026-08-26,NOC,543.08,553.61,543.08,549.95,561200
2026-08-27,NOC,547.06,548.31,542.74,545.13,814000
2026-08-03,NOW,114.51,119.64,113.7,114.19,24517500
2026-08-04,NOW,112.59,118.33,112.0,118.14,19398600
2026-08-05,NOW,119.9,120.0,115.71,117.22,15596900
2026-08-06,NOW,113.0,117.42,111.8,117.35,16281500
2026-08-07,NOW,121.67,126.15,120.96,124.88,26705900
2026-08-10,NOW,124.72,127.89,123.28,127.44,17216100
2026-08-11,NOW,126.26,128.97,125.16,127.54,13461000
2026-08-12,NOW,123.64,125.64,121.85,124.94,12654600
2026-08-13,NOW,125.6,129.75,121.65,127.25,23124900
2026-08-14,NOW,127.7,128.65,122.17,124.0,15030800
2026-08-17,NOW,122.43,123.36,117.59,117.7,20204200
2026-08-18,NOW,119.48,121.84,117.84,119.49,17341500
2026-08-19,NOW,118.64,129.6,118.51,127.2,22503800
2026-08-20,NOW,128.15,131.15,127.1,129.75,16952300
2026-08-21,NOW,130.29,131.18,127.47,128.48,12504600
2026-08-24,NOW,128.06,130.15,127.59,128.05,8949300
2026-08-25,NOW,125.96,129.81,125.25,127.0,12317500
2026-08-26,NOW,122.33,126.56,121.88,125.8,13384900
2026-08-27,NOW,130.48,139.32,130.25,138.43,27762900
2026-08-03,NU,14.46,14.535,14.255,14.44,30458500
2026-08-04,NU,14.56,14.74,14.26,14.33,51555400
2026-08-05,NU,14.5,14.66,14.31,14.48,65782300
2026-08-06,NU,14.39,14.39,14.03,14.12,55725900
2026-08-07,NU,14.21,14.35,13.77,13.84,47671900
2026-08-10,NU,13.77,14.0,13.69,13.86,35803100
2026-08-11,NU,13.865,13.897,13.37,13.65,78044800
2026-08-12,NU,13.76,13.8,13.41,13.56,45797400
2026-08-13,NU,13.54,14.01,13.46,13.93,65394700
2026-08-14,NU,15.74,16.22,15.0,15.23,156384100
2026-08-17,NU,15.4,15.41,14.71,14.74,75716800
2026-08-18,NU,14.53,15.04,14.33,14.35,87674500
2026-08-19,NU,14.43,14.99,14.24,14.61,102717500
2026-08-20,NU,14.745,14.79,14.14,14.21,80531800
2026-08-21,NU,14.35,14.82,14.26,14.58,66022200
2026-08-24,NU,14.41,15.05,14.34,14.76,42487700
2026-08-25,NU,14.72,15.17,14.45,15.14,76204200
2026-08-26,NU,15.22,15.42,15.13,15.17,45113700
2026-08-27,NU,15.14,15.257,14.71,14.88,47692800
2026-07-30,NVDA,193.45,197.25,191.52,195.04,129010200
2026-07-31,NVDA,198.44,202.0,194.95,200.75,139961200
2026-08-03,NVDA,197.69,208.74,196.85,206.64,128406900
2026-08-04,NVDA,211.3,213.06,209.05,211.94,134922000
2026-08-05,NVDA,216.86,222.22,216.4,219.22,158187400
2026-08-06,NVDA,221.53,223.63,217.0,218.99,113940600
2026-08-07,NVDA,221.54,224.76,220.66,223.96,105669400
2026-08-10,NVDA,223.4,224.14,216.77,217.55,115846600
2026-08-11,NVDA,222.17,222.2,216.2,217.5,101273100
2026-08-12,NVDA,221.04,225.1,220.2,224.09,108783600
2026-08-13,NVDA,225.06,227.23,223.71,225.3,98867200
2026-08-14,NVDA,226.77,227.49,224.5,225.16,75680900
2026-08-17,NVDA,225.98,227.92,224.86,225.01,93678700
2026-08-18,NVDA,220.45,221.64,218.69,219.74,103128200
2026-08-19,NVDA,221.67,222.87,216.76,217.56,96797300
2026-08-20,NVDA,218.36,219.86,215.66,216.85,92457000
2026-08-21,NVDA,218.42,218.74,214.5,214.72,98869300
2026-08-24,NVDA,215.53,215.59,207.25,208.48,135187300
2026-08-25,NVDA,211.03,214.73,210.11,213.05,122309000
2026-08-26,NVDA,212.64,213.6,209.23,209.66,179900000
2026-08-27,NVDA,222.86,230.47,220.9,227.98,298231200
2026-08-03,NVO,47.0,47.2,46.19,47.09,11859700
2026-08-04,NVO,47.59,49.15,43.68,44.28,47478800
2026-08-05,NVO,44.81,45.72,44.38,44.53,22275700
2026-08-06,NVO,45.61,45.98,44.93,45.97,13121000
2026-08-07,NVO,47.15,47.5,46.73,47.26,12079400
2026-08-10,NVO,46.407,47.1377,46.0713,47.1278,10185200
2026-08-11,NVO,46.8513,47.0685,46.3379,46.5748,7834700
2026-08-12,NVO,45.2913,45.9627,44.9852,45.8047,9563800
2026-08-13,NVO,45.3801,46.1996,45.153,46.1305,10186900
2026-08-14,NVO,46.3083,46.4564,45.1728,45.311,10853700
2026-08-17,NVO,45.18,45.45,44.68,44.88,14626400
2026-08-18,NVO,44.91,46.07,44.76,45.71,12089900
2026-08-19,NVO,46.01,47.2,45.84,46.48,19511400
2026-08-20,NVO,46.89,46.9,46.11,46.14,9669900
2026-08-21,NVO,46.35,47.17,46.34,46.74,10912600
2026-08-24,NVO,47.09,47.3,46.57,46.92,9674200
2026-08-25,NVO,47.84,48.66,47.56,48.66,15526700
2026-08-26,NVO,47.8,48.04,46.87,47.19,8877900
2026-08-27,NVO,45.97,46.33,45.7,46.26,12989900
2026-08-03,OKTA,144.47,147.0,141.53,141.57,2339800
2026-08-04,OKTA,142.04,148.215,140.37,147.82,3217500
2026-08-05,OKTA,150.87,151.57,146.43,147.04,1797500
2026-08-06,OKTA,141.24,145.69,140.0,143.51,2176700
2026-08-07,OKTA,148.64,150.19,146.0,148.32,2120600
2026-08-10,OKTA,149.0,153.68,147.54,150.77,2440200
2026-08-11,OKTA,150.54,151.72,147.0,150.33,2205800
2026-08-12,OKTA,150.65,153.04,146.65,147.3,3009500
2026-08-13,OKTA,148.37,155.9,146.75,154.95,2453100
2026-08-14,OKTA,156.18,156.39,146.81,147.43,2519300
2026-08-17,OKTA,148.7,149.84,142.6,143.24,3149100
2026-08-18,OKTA,143.6,146.61,142.13,143.92,2844000
2026-08-19,OKTA,144.75,145.4,137.1,141.21,2869300
2026-08-20,OKTA,138.97,140.36,133.12,134.16,2627300
2026-08-21,OKTA,135.72,137.11,131.69,135.14,2869500
2026-08-24,OKTA,134.21,134.21,129.69,130.97,2350000
2026-08-25,OKTA,131.47,132.99,129.17,130.61,2621400
2026-08-26,OKTA,128.0,138.0,127.6,134.42,7025300
2026-08-27,OKTA,166.15,174.85,156.5,172.91,16352200
2026-08-03,ON,79.85,83.66,78.91,80.4,14934900
2026-08-04,ON,84.39,84.48,79.5,80.78,24702400
2026-08-05,ON,79.01,80.79,76.54,76.91,17292100
2026-08-06,ON,75.87,80.42,75.69,78.33,9405700
2026-08-07,ON,80.23,81.63,79.72,81.17,9839500
2026-08-10,ON,81.5,82.51,79.72,79.78,8393400
2026-08-11,ON,81.49,82.65,80.47,81.11,5634300
2026-08-12,ON,84.34,84.84,82.51,83.32,9816800
2026-08-13,ON,82.88,84.5,81.3,81.56,5785600
2026-08-14,ON,81.84,83.57,81.5,82.66,4478300
2026-08-17,ON,83.34,85.55,83.28,83.38,6578900
2026-08-18,ON,79.99,80.9,76.96,79.42,10810400
2026-08-19,ON,80.53,81.07,76.43,76.58,8986700
2026-08-20,ON,76.0,76.69,74.5,74.71,5865000
2026-08-21,ON,75.27,75.67,73.52,74.21,4524900
2026-08-24,ON,73.45,73.53,70.92,71.93,8488300
2026-08-25,ON,73.13,73.37,71.63,72.51,5756900
2026-08-26,ON,72.56,73.83,72.39,73.22,4354100
2026-08-27,ON,74.55,74.91,73.18,74.8,6407400
2026-08-03,ORCL,131.92,143.07,130.21,141.85,49696900
2026-08-04,ORCL,141.01,148.7,141.01,145.74,43723500
2026-08-05,ORCL,145.0,146.39,142.5,144.39,23524100
2026-08-06,ORCL,139.25,146.58,138.72,143.47,23073300
2026-08-07,ORCL,145.32,147.16,142.34,147.02,22874000
2026-08-10,ORCL,148.26,151.99,146.62,151.05,24265000
2026-08-11,ORCL,151.2,151.99,144.24,145.48,28761800
2026-08-12,ORCL,152.81,154.89,147.89,153.28,43559400
2026-08-13,ORCL,151.98,159.26,151.91,156.22,25740000
2026-08-14,ORCL,155.84,156.39,148.8,150.52,21905500
2026-08-17,ORCL,148.45,150.4,145.5,146.65,20668000
2026-08-18,ORCL,143.25,146.0,142.35,142.79,19152300
2026-08-19,ORCL,142.7,146.08,137.43,143.81,26552900
2026-08-20,ORCL,144.3,145.92,141.02,142.07,15184400
2026-08-21,ORCL,143.72,148.35,142.6,146.47,19635000
2026-08-24,ORCL,145.12,145.12,141.25,142.45,14158600
2026-08-25,ORCL,143.3,146.34,142.51,144.76,13329400
2026-08-26,ORCL,147.0,151.63,146.83,148.87,18426100
2026-08-27,ORCL,152.11,153.83,147.52,151.94,30148300
2026-08-03,PANW,336.49,347.7,330.0,347.13,7306700
2026-08-04,PANW,351.6,367.5,349.07,366.34,8186900
2026-08-05,PANW,373.87,376.98,362.22,362.66,5607500
2026-08-06,PANW,350.13,361.47,349.0,359.49,5684200
2026-08-07,PANW,365.5,370.5,359.15,363.86,4811300
2026-08-10,PANW,365.38,385.17,362.95,385.04,5828000
2026-08-11,PANW,384.2,387.2,375.93,383.8,6039700
2026-08-12,PANW,380.9,389.25,376.22,387.01,5492100
2026-08-13,PANW,394.12,398.88,387.35,396.0,4593400
2026-08-14,PANW,396.76,397.31,380.85,384.27,4353500
2026-08-17,PANW,383.25,386.0,372.3,375.76,5088800
2026-08-18,PANW,370.34,378.04,368.0,374.14,4946000
2026-08-19,PANW,375.26,376.43,351.46,359.76,5286100
2026-08-20,PANW,354.12,360.7,347.68,349.56,4736200
2026-08-21,PANW,352.4,360.49,343.01,357.87,5136100
2026-08-24,PANW,356.06,357.87,347.05,350.9,5463900
2026-08-25,PANW,353.77,353.77,335.51,339.9,4727900
2026-08-26,PANW,330.46,342.25,328.0,339.31,4588300
2026-08-27,PANW,358.56,387.33,356.66,382.85,7298300
2026-08-03,PATH,13.045,13.22,12.81,13.05,40939100
2026-08-04,PATH,12.98,14.1,12.9,14.1,61988000
2026-08-05,PATH,14.19,14.324,13.77,13.82,91836700
2026-08-06,PATH,13.2,14.02,13.04,14.0,73533300
2026-08-07,PATH,14.22,15.1,14.16,15.05,62565500
2026-08-10,PATH,14.89,15.67,14.73,15.59,55283900
2026-08-11,PATH,15.5,16.04,15.4,15.72,66755500
2026-08-12,PATH,15.31,15.53,14.98,15.26,66648000
2026-08-13,PATH,15.3,16.74,14.86,16.68,104706200
2026-08-14,PATH,16.66,16.82,15.835,16.01,52115600
2026-08-17,PATH,15.95,16.27,15.63,15.99,72191600
2026-08-18,PATH,15.39,15.95,15.0,15.58,93969600
2026-08-19,PATH,15.6,16.165,15.515,15.78,72840300
2026-08-20,PATH,15.55,15.99,15.4,15.92,66428000
2026-08-21,PATH,15.85,16.415,15.66,16.39,52233100
2026-08-24,PATH,16.28,16.72,16.2,16.57,59967500
2026-08-25,PATH,16.56,16.775,16.334,16.66,70164100
2026-08-26,PATH,16.295,16.945,16.135,16.76,56498600
2026-08-27,PATH,17.0,18.39,17.0,18.33,72042500
2026-08-03,PBR,19.0,19.22,18.92,19.06,11126200
2026-08-04,PBR,18.8,18.9,18.51,18.72,14675000
2026-08-05,PBR,18.97,18.98,18.3,18.36,14921000
2026-08-06,PBR,18.66,18.67,18.46,18.52,13193400
2026-08-07,PBR,18.74,18.76,17.93,17.96,28530100
2026-08-10,PBR,18.14,18.54,18.0,18.33,12343300
2026-08-11,PBR,18.38,18.38,17.8,17.93,18630900
2026-08-12,PBR,17.78,18.06,17.74,17.76,15093600
2026-08-13,PBR,17.65,17.98,17.6,17.89,13913500
2026-08-14,PBR,18.0,18.1,17.82,17.88,10872300
2026-08-17,PBR,18.19,18.28,17.93,18.25,19812200
2026-08-18,PBR,18.49,18.54,18.11,18.18,12909200
2026-08-19,PBR,18.1574,18.41,17.9729,18.0117,17680900
2026-08-20,PBR,18.2546,18.7112,18.2254,18.4683,26884700
2026-08-21,PBR,18.5946,18.7306,18.4877,18.6043,17485800
2026-08-24,PBR,18.1672,18.1963,17.8854,18.07,19897900
2026-08-25,PBR,18.08,18.13,17.7,17.85,28754000
2026-08-26,PBR,17.73,18.11,17.56,17.76,28993400
2026-08-27,PBR,17.79,18.39,17.54,18.25,19617300
2026-08-03,PEG,76.5,77.34,76.0,76.62,3593600
2026-08-04,PEG,75.92,77.0,74.2,76.27,7069600
2026-08-05,PEG,76.13,76.56,74.7,75.54,2869700
2026-08-06,PEG,76.06,76.46,74.92,75.04,2729800
2026-08-07,PEG,74.8,75.94,74.37,75.66,2351600
2026-08-10,PEG,75.45,75.5,74.23,74.56,2687300
2026-08-11,PEG,74.46,75.34,74.45,75.21,1663600
2026-08-12,PEG,75.48,76.12,75.34,75.87,2016400
2026-08-13,PEG,75.83,76.55,75.67,75.93,1963900
2026-08-14,PEG,75.65,76.36,75.6,76.04,1434200
2026-08-17,PEG,75.76,75.87,75.12,75.61,3857700
2026-08-18,PEG,76.15,76.62,75.53,75.6,2540000
2026-08-19,PEG,76.09,76.3,75.26,75.33,2091900
2026-08-20,PEG,74.96,75.55,74.59,74.62,2063200
2026-08-21,PEG,74.87,74.97,72.6,72.61,2356900
2026-08-24,PEG,72.86,73.58,72.53,73.53,1610100
2026-08-25,PEG,73.76,73.85,73.21,73.28,1274700
2026-08-26,PEG,73.46,74.34,73.46,74.03,1685000
2026-08-27,PEG,73.27,73.47,72.9,73.33,1808500
2026-08-03,PEP,141.08,141.55,138.71,139.63,6645300
2026-08-04,PEP,137.77,139.21,137.13,139.1,8525200
2026-08-05,PEP,140.23,140.27,137.92,138.78,6257600
2026-08-06,PEP,140.09,140.52,137.14,138.44,8510300
2026-08-07,PEP,137.54,139.49,137.15,139.02,4734000
2026-08-10,PEP,138.52,138.52,137.18,137.73,5883800
2026-08-11,PEP,137.01,138.51,136.9,138.41,5823900
2026-08-12,PEP,137.52,138.75,136.73,138.7,5472700
2026-08-13,PEP,139.41,140.83,139.33,140.62,6246700
2026-08-14,PEP,140.62,141.27,140.12,140.79,3867000
2026-08-17,PEP,139.71,139.89,137.66,138.24,6856200
2026-08-18,PEP,140.36,140.8,139.05,140.13,6224700
2026-08-19,PEP,140.87,143.63,140.63,142.58,6954200
2026-08-20,PEP,141.74,143.37,141.11,142.08,5350000
2026-08-21,PEP,142.67,143.56,141.64,143.48,6627600
2026-08-24,PEP,144.91,145.9,144.38,144.67,5997000
2026-08-25,PEP,143.73,143.87,142.08,142.27,10194100
2026-08-26,PEP,142.69,142.69,141.22,142.19,8577000
2026-08-27,PEP,140.56,141.09,139.68,139.72,6241300
2026-08-03,PFE,25.15,25.39,24.87,25.03,40645800
2026-08-04,PFE,25.04,25.64,24.7,25.41,62189500
2026-08-05,PFE,25.5,25.81,25.3,25.81,47058300
2026-08-06,PFE,26.01,26.2,25.81,26.2,51074500
2026-08-07,PFE,26.22,26.76,26.05,26.76,42744100
2026-08-10,PFE,26.59,27.19,26.52,27.05,49786800
2026-08-11,PFE,26.94,27.2,26.47,26.62,37943600
2026-08-12,PFE,26.39,26.44,26.18,26.31,32591400
2026-08-13,PFE,26.49,26.95,26.41,26.8,35355800
2026-08-14,PFE,26.66,26.92,26.42,26.79,23174200
2026-08-17,PFE,26.76,27.02,26.55,26.87,29261200
2026-08-18,PFE,27.15,27.4,27.1,27.25,34660100
2026-08-19,PFE,27.6,28.44,27.58,28.24,59804200
2026-08-20,PFE,28.0,28.16,27.65,27.79,29297000
2026-08-21,PFE,27.77,28.43,27.66,28.07,37109600
2026-08-24,PFE,28.1,28.16,27.81,27.97,23845600
2026-08-25,PFE,27.92,28.58,27.84,28.57,31915700
2026-08-26,PFE,28.44,28.5,28.15,28.3,35070000
2026-08-27,PFE,27.97,28.18,27.83,28.02,31150400
2026-08-03,PG,145.85,147.15,144.26,144.97,8843600
2026-08-04,PG,144.04,148.25,143.79,148.01,7362300
2026-08-05,PG,147.85,147.85,144.66,146.8,9753300
2026-08-06,PG,147.82,148.5,145.45,146.97,8766700
2026-08-07,PG,144.9,146.0,143.88,145.79,7565500
2026-08-10,PG,144.73,146.46,144.15,146.44,7386500
2026-08-11,PG,145.41,145.71,143.93,145.21,7936700
2026-08-12,PG,144.05,144.94,143.79,144.08,7195000
2026-08-13,PG,144.59,145.8,144.0,144.26,7491300
2026-08-14,PG,144.33,144.91,143.42,144.55,7249600
2026-08-17,PG,143.64,143.97,142.48,143.12,9867500
2026-08-18,PG,143.28,144.42,142.68,143.45,12746100
2026-08-19,PG,144.3,146.23,143.62,144.38,13948500
2026-08-20,PG,144.47,144.92,142.56,142.97,15794100
2026-08-21,PG,143.02,145.27,142.14,144.68,9785200
2026-08-24,PG,145.24,146.8,145.0,146.6,7061800
2026-08-25,PG,145.73,146.12,144.95,145.4,9125700
2026-08-26,PG,145.28,145.93,144.5,145.0,8249100
2026-08-27,PG,143.7,144.15,142.71,143.14,7806600
2026-08-03,PH,976.89,998.04,972.49,997.52,505600
2026-08-04,PH,1004.21,1005.75,974.04,992.65,1013100
2026-08-05,PH,991.01,1009.86,986.79,996.9,1157200
2026-08-06,PH,1076.0,1099.9399,1057.0,1069.8,1437000
2026-08-07,PH,1078.87,1089.35,1072.47,1073.87,823500
2026-08-10,PH,1084.85,1084.85,1057.76,1060.5,524900
2026-08-11,PH,1061.3101,1076.11,1057.59,1061.33,410000
2026-08-12,PH,1070.7,1074.84,1062.02,1069.52,523400
2026-08-13,PH,1070.59,1070.59,1052.29,1058.87,617000
2026-08-14,PH,1058.08,1065.0,1050.72,1055.85,331800
2026-08-17,PH,1059.17,1064.41,1048.0,1053.76,618200
2026-08-18,PH,1046.0699,1046.8101,1032.5601,1041.85,482300
2026-08-19,PH,1046.21,1046.21,1016.24,1023.25,831000
2026-08-20,PH,1017.11,1023.68,999.82,1000.13,559700
2026-08-21,PH,1010.01,1012.16,993.52,1001.74,545500
2026-08-24,PH,1006.47,1016.81,1001.42,1014.24,789800
2026-08-25,PH,1033.12,1033.12,1014.91,1016.31,671400
2026-08-26,PH,1025.0699,1047.61,1021.44,1039.49,585200
2026-08-27,PH,1031.11,1036.42,1006.51,1011.2,731100
2026-08-03,PLTR,126.7,126.965,123.657,125.65,77282900
2026-08-04,PLTR,145.145,164.52,143.28,162.66,175034700
2026-08-05,PLTR,162.0,166.08,158.25,158.43,63515900
2026-08-06,PLTR,155.87,158.0,152.7,155.92,41751400
2026-08-07,PLTR,160.07,172.41,159.96,172.01,77579900
2026-08-10,PLTR,171.01,179.6,170.87,175.23,57402700
2026-08-11,PLTR,174.18,177.94,172.72,174.94,43162500
2026-08-12,PLTR,174.07,175.09,168.34,171.04,35220300
2026-08-13,PLTR,173.4,179.91,172.33,179.01,36511200
2026-08-14,PLTR,179.48,180.18,173.8,174.04,24065800
2026-08-17,PLTR,174.06,176.275,172.301,172.55,24590900
2026-08-18,PLTR,171.97,174.98,170.61,171.54,28082100
2026-08-19,PLTR,172.61,176.82,169.771,175.19,36132600
2026-08-20,PLTR,175.88,176.46,172.03,173.96,27018400
2026-08-21,PLTR,173.98,182.44,172.55,179.94,41076200
2026-08-24,PLTR,177.39,178.75,171.31,175.89,35115500
2026-08-25,PLTR,176.63,179.87,172.2,172.73,24558500
2026-08-26,PLTR,170.6,178.49,168.9,177.5,27924200
2026-08-27,PLTR,178.75,186.86,178.01,185.93,40651900
2026-08-03,QCOM,146.2,151.68,142.89,151.57,13700700
2026-08-04,QCOM,156.98,163.48,155.31,162.67,16351500
2026-08-05,QCOM,161.3,162.8,157.1,157.53,9725700
2026-08-06,QCOM,155.42,162.6,155.22,160.39,7232800
2026-08-07,QCOM,163.07,167.99,162.3,167.86,9723300
2026-08-10,QCOM,168.16,168.87,162.08,162.17,9260000
2026-08-11,QCOM,163.75,164.61,161.43,162.68,6326700
2026-08-12,QCOM,166.89,166.94,161.07,163.07,7731700
2026-08-13,QCOM,163.34,166.77,162.51,164.79,7716600
2026-08-14,QCOM,165.63,166.97,163.18,165.79,5807700
2026-08-17,QCOM,166.25,166.34,161.45,162.18,8967700
2026-08-18,QCOM,157.89,161.81,156.73,160.19,11069500
2026-08-19,QCOM,163.03,166.5,160.19,161.91,8099500
2026-08-20,QCOM,163.15,165.11,159.41,160.74,8509900
2026-08-21,QCOM,162.92,163.33,159.17,160.75,8517400
2026-08-24,QCOM,159.4,160.24,156.23,158.53,10514800
2026-08-25,QCOM,160.34,161.79,159.08,160.56,11420600
2026-08-26,QCOM,160.1,163.87,159.89,163.72,10480300
2026-08-27,QCOM,165.16,166.95,161.92,164.78,15065100
2026-08-03,RDY,11.97,12.14,11.95,12.07,3493600
2026-08-04,RDY,12.06,12.13,11.97,12.1,2757700
2026-08-05,RDY,12.19,12.24,12.13,12.14,2528900
2026-08-06,RDY,12.14,12.22,12.05,12.11,2566500
2026-08-07,RDY,12.19,12.26,12.12,12.22,2564100
2026-08-10,RDY,12.24,12.29,11.58,12.15,1967300
2026-08-11,RDY,12.55,12.58,12.42,12.45,2371600
2026-08-12,RDY,12.34,12.42,12.33,12.39,2217500
2026-08-13,RDY,12.43,12.51,12.37,12.42,2802900
2026-08-14,RDY,12.33,12.39,12.22,12.27,2263200
2026-08-17,RDY,12.2,12.24,12.06,12.11,2042500
2026-08-18,RDY,12.12,12.21,12.06,12.15,3068800
2026-08-19,RDY,12.17,12.22,11.99,12.11,3263300
2026-08-20,RDY,12.12,12.23,12.05,12.11,2552100
2026-08-21,RDY,12.13,12.23,12.07,12.18,2020600
2026-08-24,RDY,12.24,12.25,12.13,12.22,2069500
2026-08-25,RDY,12.28,12.38,12.22,12.34,1770500
2026-08-26,RDY,12.25,12.3,12.14,12.22,1674700
2026-08-27,RDY,12.18,12.24,12.13,12.16,1551400
2026-08-03,REGN,769.54,772.75,756.44,759.24,842600
2026-08-04,REGN,753.76,763.54,747.0,760.66,817300
2026-08-05,REGN,767.98,782.59,763.31,768.58,532400
2026-08-06,REGN,777.85,780.95,762.79,772.11,783900
2026-08-07,REGN,774.47,785.99,767.17,784.36,837600
2026-08-10,REGN,781.72,809.09,775.83,808.05,1213700
2026-08-11,REGN,807.8567,812.681,795.7308,796.0704,939100
2026-08-12,REGN,789.6279,800.4253,783.6949,797.0593,575100
2026-08-13,REGN,801.2743,814.8485,793.5633,805.0299,709700
2026-08-14,REGN,801.4142,805.5993,791.6456,802.5428,425600
2026-08-17,REGN,800.8249,812.2315,794.8019,804.99,541300
2026-08-18,REGN,814.0,821.02,805.93,810.24,779000
2026-08-19,REGN,817.17,844.92,815.38,840.84,750400
2026-08-20,REGN,831.7,840.82,826.05,826.64,596400
2026-08-21,REGN,835.74,847.0,826.64,834.04,786800
2026-08-24,REGN,834.51,834.7,823.4,828.5,672000
2026-08-25,REGN,829.22,839.94,823.44,833.56,505400
2026-08-26,REGN,827.78,831.67,814.7,814.79,585300
2026-08-27,REGN,806.18,817.62,804.27,807.71,766800
2026-08-03,RIO,95.55,96.02,94.86,95.9,1610700
2026-08-04,RIO,99.12,99.66,98.28,99.01,2547300
2026-08-05,RIO,100.97,101.78,100.51,101.51,2628900
2026-08-06,RIO,100.15,101.06,99.57,99.65,2015700
2026-08-07,RIO,98.8592,99.505,98.5167,98.9277,2613700
2026-08-10,RIO,99.0158,99.8181,98.3895,99.7203,1668200
2026-08-11,RIO,100.1117,100.3563,98.4678,98.8201,1846400
2026-08-12,RIO,100.6205,100.6303,98.7809,99.0451,2023400
2026-08-13,RIO,97.411,97.4599,95.9139,96.09,2535700
2026-08-14,RIO,95.74,96.72,95.39,95.68,2187700
2026-08-17,RIO,96.09,97.29,95.83,97.21,2151500
2026-08-18,RIO,95.99,97.14,95.88,96.69,2686400
2026-08-19,RIO,99.63,100.98,98.82,100.44,3177300
2026-08-20,RIO,99.06,102.68,99.06,102.17,2799900
2026-08-21,RIO,104.29,105.39,104.14,105.3,3303200
2026-08-24,RIO,105.12,105.84,104.26,104.8,2448700
2026-08-25,RIO,105.0,106.84,104.8,106.81,1690200
2026-08-26,RIO,106.01,106.3,104.59,104.7,1799100
2026-08-27,RIO,103.88,104.97,103.54,104.78,2005100
2026-08-03,ROK,477.47,489.35,471.03,480.98,1676100
2026-08-04,ROK,452.14,454.27,433.14,445.23,2359000
2026-08-05,ROK,450.0,460.45,444.25,450.05,1125000
2026-08-06,ROK,451.04,454.26,440.81,441.8,1088800
2026-08-07,ROK,449.5,449.5,439.28,441.04,1122300
2026-08-10,ROK,438.9279,441.4103,432.6672,433.8835,846900
2026-08-11,ROK,435.0299,447.681,435.0299,445.6273,831600
2026-08-12,ROK,450.3627,452.0276,444.4609,450.0038,714500
2026-08-13,ROK,451.9977,451.9977,443.783,444.1419,498200
2026-08-14,ROK,443.3742,449.0368,439.1971,447.99,454300
2026-08-17,ROK,449.2,454.69,444.26,444.6,623100
2026-08-18,ROK,440.93,443.71,433.0,433.67,605900
2026-08-19,ROK,436.69,439.43,431.29,433.27,704100
2026-08-20,ROK,430.0,439.43,428.22,431.45,699000
2026-08-21,ROK,434.64,438.25,432.76,437.08,558100
2026-08-24,ROK,435.0,436.13,426.98,429.69,603700
2026-08-25,ROK,433.85,434.71,428.22,429.4,595400
2026-08-26,ROK,431.58,435.77,430.43,431.75,560400
2026-08-27,ROK,431.36,435.25,428.3,433.0,549100
2026-08-03,RTX,216.57,218.13,214.42,216.65,3814300
2026-08-04,RTX,217.38,218.6,214.53,217.93,6386900
2026-08-05,RTX,220.0,222.82,218.9,222.31,4276700
2026-08-06,RTX,224.21,225.65,220.48,223.25,5973500
2026-08-07,RTX,221.7932,223.5673,219.7699,222.2915,4975600
2026-08-10,RTX,223.6371,226.1288,222.5607,223.3779,3280600
2026-08-11,RTX,223.2583,224.5939,221.6038,223.1188,2930400
2026-08-12,RTX,221.8829,222.8098,218.7433,222.0224,3928000
2026-08-13,RTX,222.7301,223.2583,218.1453,219.75,3234600
2026-08-14,RTX,222.0,223.07,219.98,222.97,2871100
2026-08-17,RTX,222.92,224.61,221.6,221.64,5187600
2026-08-18,RTX,222.76,226.09,222.3,225.49,5972500
2026-08-19,RTX,225.93,226.41,220.22,220.35,6227100
2026-08-20,RTX,218.97,220.49,212.16,212.29,4931800
2026-08-21,RTX,213.36,213.52,209.85,209.91,4795800
2026-08-24,RTX,210.0,210.89,207.75,209.22,3838800
2026-08-25,RTX,210.36,210.65,207.44,210.28,4893700
2026-08-26,RTX,210.4,213.1,209.29,211.99,3788100
2026-08-27,RTX,211.34,212.52,209.83,212.08,3847200
2026-08-03,SBUX,107.7,108.36,103.3,103.37,8830000
2026-08-04,SBUX,103.06,105.66,101.8,104.97,9530900
2026-08-05,SBUX,105.99,106.42,104.29,106.0,7857400
2026-08-06,SBUX,106.14,106.29,103.69,105.16,6029500
2026-08-07,SBUX,103.4358,106.2397,103.0779,104.977,6378200
2026-08-10,SBUX,104.8775,105.3051,103.6844,104.0523,4947400
2026-08-11,SBUX,103.9628,106.2795,103.5352,106.0508,5013300
2026-08-12,SBUX,106.2994,107.9499,105.2752,107.8703,3924100
2026-08-13,SBUX,108.5465,109.8788,107.8306,107.93,5190000
2026-08-14,SBUX,107.62,108.82,107.47,107.69,3499100
2026-08-17,SBUX,106.46,108.33,106.41,107.92,5935300
2026-08-18,SBUX,109.07,109.23,105.92,106.01,5351000
2026-08-19,SBUX,106.67,108.24,104.59,104.98,6815500
2026-08-20,SBUX,104.38,105.74,102.97,103.99,7583100
2026-08-21,SBUX,104.51,107.41,103.37,107.08,5550000
2026-08-24,SBUX,107.22,107.81,105.68,107.49,6781200
2026-08-25,SBUX,106.85,107.14,105.36,105.76,5785200
2026-08-26,SBUX,106.13,108.58,105.42,108.49,6049100
2026-08-27,SBUX,108.57,108.74,106.77,107.26,6418200
2026-08-03,SCHW,105.86,106.81,105.05,105.87,6443500
2026-08-04,SCHW,105.26,106.76,105.23,106.35,6861800
2026-08-05,SCHW,106.99,108.55,106.51,108.02,11677500
2026-08-06,SCHW,108.6,109.05,106.81,107.66,6358600
2026-08-07,SCHW,106.7587,107.3171,105.8813,107.2871,7154300
2026-08-10,SCHW,107.1974,109.0022,106.8285,107.676,6748900
2026-08-11,SCHW,107.2074,108.0848,107.0578,107.3869,4063500
2026-08-12,SCHW,106.6889,109.3412,106.4396,109.0221,5537500
2026-08-13,SCHW,109.4209,109.8796,108.5834,109.74,5155200
2026-08-14,SCHW,109.75,111.18,109.19,111.09,5986000
2026-08-17,SCHW,110.94,111.64,110.41,110.58,6236700
2026-08-18,SCHW,111.33,112.2,110.59,111.68,7092000
2026-08-19,SCHW,111.41,112.08,110.54,110.88,6510900
2026-08-20,SCHW,111.46,111.86,109.55,109.79,6641000
2026-08-21,SCHW,110.27,112.4,110.17,112.3,6938600
2026-08-24,SCHW,112.89,114.53,112.51,113.65,8275200
2026-08-25,SCHW,113.04,113.38,112.08,112.27,5047700
2026-08-26,SCHW,108.25,110.32,106.34,109.39,13947700
2026-08-27,SCHW,108.95,109.53,107.23,108.05,10104700
2026-08-03,SEA,18.461,18.57,18.455,18.566,6900
2026-08-04,SEA,18.31,18.39,18.28,18.374,7700
2026-08-05,SEA,18.12,18.12,18.05,18.05,5000
2026-08-06,SEA,18.1,18.21,18.1,18.17,2000
2026-08-07,SEA,18.34,18.36,18.225,18.3,2400
2026-08-10,SEA,18.35,18.511,18.27,18.32,11300
2026-08-11,SEA,18.38,18.38,18.157,18.24,4500
2026-08-12,SEA,18.27,18.56,18.27,18.52,4200
2026-08-13,SEA,18.6,18.85,18.595,18.763,8000
2026-08-14,SEA,18.88,18.98,18.869,18.869,4800
2026-08-17,SEA,19.18,19.61,19.18,19.48,13500
2026-08-18,SEA,19.7,19.7,19.5,19.634,7000
2026-08-19,SEA,19.74,19.87,19.71,19.79,4800
2026-08-20,SEA,19.62,19.8,19.62,19.69,7600
2026-08-21,SEA,20.08,20.389,20.08,20.25,18700
2026-08-24,SEA,20.35,20.35,20.17,20.228,9400
2026-08-25,SEA,20.12,20.21,20.07,20.19,12300
2026-08-26,SEA,20.08,20.08,19.601,19.61,14100
2026-08-27,SEA,19.53,19.97,19.53,19.964,8900
2026-08-03,SHEL,90.94,91.735,90.74,91.08,6532897
2026-08-04,SHEL,90.125,90.405,88.99,89.84,9317217
2026-08-05,SHEL,90.22,90.3,87.65,87.76,6413902
2026-08-06,SHEL,88.4746,89.0991,87.7807,88.8216,8303709
2026-08-07,SHEL,88.2169,88.3557,87.5626,87.7311,4424769
2026-08-10,SHEL,87.979,89.6146,87.9096,89.1685,4866864
2026-08-11,SHEL,89.4659,90.1846,89.3371,89.7138,3657746
2026-08-12,SHEL,88.9604,89.6047,88.7918,89.2875,4385716
2026-08-13,SHEL,88.6035,89.2825,88.1584,89.1388,3348542
2026-08-14,SHEL,89.78,91.03,89.55,90.47,5024868
2026-08-17,SHEL,90.68,91.635,90.43,91.62,4679653
2026-08-18,SHEL,92.5,92.6,91.84,92.01,4382204
2026-08-19,SHEL,93.0,93.65,92.62,92.77,4941771
2026-08-20,SHEL,94.11,94.7,93.63,93.65,4924248
2026-08-21,SHEL,93.87,94.02,93.07,93.33,3457394
2026-08-24,SHEL,92.82,93.61,92.7,93.0,5658748
2026-08-25,SHEL,92.38,92.71,91.97,92.22,5646216
2026-08-26,SHEL,91.23,92.24,91.01,91.11,7935921
2026-08-27,SHEL,91.23,91.35,90.05,90.7,6904600
2026-08-03,SLB,49.02,49.75,48.3,49.31,13000000
2026-08-04,SLB,48.82,50.92,48.82,50.81,11277300
2026-08-05,SLB,51.1,51.28,49.91,49.91,9679100
2026-08-06,SLB,50.72,52.43,50.63,51.54,11474800
2026-08-07,SLB,51.05,51.72,50.28,50.53,8351400
2026-08-10,SLB,50.76,53.23,50.67,53.2,10239700
2026-08-11,SLB,53.48,53.99,53.04,53.68,8139500
2026-08-12,SLB,53.25,53.45,52.53,52.61,8203700
2026-08-13,SLB,52.0,52.44,51.6,52.06,8476700
2026-08-14,SLB,52.27,53.99,52.2,53.77,9942300
2026-08-17,SLB,53.98,54.0,53.08,53.86,6545800
2026-08-18,SLB,54.06,54.58,53.18,53.21,5328500
2026-08-19,SLB,53.7,54.19,53.06,53.55,7017600
2026-08-20,SLB,53.87,54.33,53.53,53.55,8441300
2026-08-21,SLB,54.0,54.15,53.19,53.87,7094100
2026-08-24,SLB,53.62,54.09,52.52,54.0,14376900
2026-08-25,SLB,53.6,54.9,52.96,53.29,10715000
2026-08-26,SLB,52.55,53.91,51.98,53.6,7935600
2026-08-27,SLB,53.17,55.89,53.08,55.01,15248900
2026-08-03,SNOW,296.44,315.42,292.95,307.53,7988000
2026-08-04,SNOW,305.0,321.31,301.901,316.77,5632100
2026-08-05,SNOW,317.49,323.1,315.02,316.84,4590900
2026-08-06,SNOW,304.39,321.82,304.39,318.0,5968400
2026-08-07,SNOW,325.0,331.4,322.13,330.49,6217400
2026-08-10,SNOW,328.45,340.5,328.0,334.7,4668700
2026-08-11,SNOW,331.14,338.04,328.0,334.14,3662000
2026-08-12,SNOW,329.04,341.95,329.04,332.26,4286000
2026-08-13,SNOW,337.0,339.75,330.8,337.38,3022500
2026-08-14,SNOW,339.0,339.75,326.33,328.92,2583100
2026-08-17,SNOW,327.77,334.45,324.506,330.11,3097400
2026-08-18,SNOW,327.14,334.0,321.5,325.33,4001700
2026-08-19,SNOW,325.15,326.0,316.32,325.01,3885000
2026-08-20,SNOW,322.72,325.0,317.12,321.29,3175500
2026-08-21,SNOW,321.66,333.275,314.2,332.78,3437100
2026-08-24,SNOW,332.15,332.15,321.82,322.78,3722500
2026-08-25,SNOW,322.14,325.85,308.62,317.02,4442100
2026-08-26,SNOW,309.44,317.5,307.27,315.37,3078400
2026-08-27,SNOW,322.5,333.5,320.0,329.11,4067800
2026-08-03,SNPS,394.22,396.08,386.0,392.07,1799200
2026-08-04,SNPS,394.89,404.33,394.0,403.86,1367400
2026-08-05,SNPS,409.67,412.0,400.68,400.82,1379800
2026-08-06,SNPS,398.0,409.9,396.27,405.98,1480600
2026-08-07,SNPS,408.79,416.44,405.62,415.99,1161500
2026-08-10,SNPS,416.0,421.37,411.28,411.68,1374500
2026-08-11,SNPS,412.0,412.34,402.16,410.91,970800
2026-08-12,SNPS,413.75,418.38,410.18,412.32,989700
2026-08-13,SNPS,412.32,416.91,403.74,411.75,1443100
2026-08-14,SNPS,414.11,423.95,409.4,421.5,1242800
2026-08-17,SNPS,417.61,425.78,411.51,413.22,1111000
2026-08-18,SNPS,410.8,412.85,402.43,404.41,1607300
2026-08-19,SNPS,405.23,408.23,400.82,401.24,1359800
2026-08-20,SNPS,399.6,401.42,394.57,397.92,1163900
2026-08-21,SNPS,400.67,401.98,394.78,397.87,1256400
2026-08-24,SNPS,395.2,395.99,388.11,394.51,1479500
2026-08-25,SNPS,396.34,410.93,395.25,408.79,2965900
2026-08-26,SNPS,405.1,419.6,403.54,410.0,2622500
2026-08-27,SNPS,419.66,464.98,415.31,464.89,4072200
2026-08-03,SO,92.91,95.31,92.71,92.94,8958400
2026-08-04,SO,92.09,93.54,91.25,93.25,11142800
2026-08-05,SO,93.5,94.44,91.91,93.1,5354800
2026-08-06,SO,94.02,94.21,92.0,92.9,3958500
2026-08-07,SO,92.2,93.59,91.75,92.69,7707900
2026-08-10,SO,91.5937,92.2483,90.3043,90.5919,5047500
2026-08-11,SO,90.4432,91.3358,90.2845,91.1672,4765300
2026-08-12,SO,91.0085,91.8317,90.9788,91.7623,3437600
2026-08-13,SO,92.0598,92.2483,91.683,92.0301,3447800
2026-08-14,SO,91.8317,92.6252,91.7821,92.04,4185100
2026-08-17,SO,91.6,92.64,91.57,92.29,4484400
2026-08-18,SO,93.16,93.48,92.01,92.07,4177200
2026-08-19,SO,92.56,92.92,91.58,92.19,4203200
2026-08-20,SO,91.75,92.65,91.41,91.43,6415300
2026-08-21,SO,91.48,91.65,88.91,88.94,6656700
2026-08-24,SO,89.06,90.47,89.06,90.1,8594500
2026-08-25,SO,90.0,90.54,89.71,89.97,4979100
2026-08-26,SO,89.92,90.58,89.67,89.76,4548000
2026-08-27,SO,89.0,89.41,88.27,89.05,6698100
2026-08-03,SRE,88.34,89.01,87.51,87.73,3333000
2026-08-04,SRE,87.49,87.61,85.8,86.65,6351100
2026-08-05,SRE,86.67,86.82,84.11,84.66,5263000
2026-08-06,SRE,84.64,85.96,84.04,84.35,5711100
2026-08-07,SRE,83.84,85.71,83.65,83.88,6403200
2026-08-10,SRE,83.85,85.16,83.85,84.31,4586200
2026-08-11,SRE,84.35,85.75,83.95,85.48,3299000
2026-08-12,SRE,85.57,86.73,85.29,85.92,4025700
2026-08-13,SRE,86.19,86.98,85.85,86.48,3799200
2026-08-14,SRE,86.39,87.26,86.24,86.41,3421700
2026-08-17,SRE,86.16,86.34,85.57,85.94,3285900
2026-08-18,SRE,86.99,87.3,86.4,87.18,3557200
2026-08-19,SRE,87.37,87.55,85.43,85.59,2672300
2026-08-20,SRE,85.05,88.14,85.05,87.38,4952700
2026-08-21,SRE,87.64,87.83,82.67,82.89,5176200
2026-08-24,SRE,83.08,84.83,82.85,84.57,3765700
2026-08-25,SRE,84.66,85.0,83.99,84.03,2977900
2026-08-26,SRE,84.12,85.47,84.01,85.28,2136600
2026-08-27,SRE,84.44,85.01,83.69,84.75,2575900
2026-07-30,SWDA.MI,123.54,124.1,123.2,123.69,86432
2026-07-31,SWDA.MI,124.76,125.2,124.0,124.23,110617
2026-08-03,SWDA.MI,125.41,126.18,125.1,126.11,224803
2026-08-04,SWDA.MI,126.85,127.85,126.54,127.8,127639
2026-08-05,SWDA.MI,128.64,128.97,128.17,128.26,102534
2026-08-06,SWDA.MI,128.25,128.5,128.0,128.09,125476
2026-08-07,SWDA.MI,128.31,128.72,128.2,128.67,134883
2026-08-10,SWDA.MI,,,,,81934
2026-08-03,SYM,43.21,46.275,43.0,45.85,1700700
2026-08-04,SYM,47.0,47.75,46.17,47.46,1910400
2026-08-05,SYM,47.82,48.24,46.49,46.52,2041600
2026-08-06,SYM,43.61,44.38,39.58,39.6,5084200
2026-08-07,SYM,40.65,42.0,39.61,40.18,2337700
2026-08-10,SYM,40.175,40.886,39.12,40.11,2051300
2026-08-11,SYM,40.67,42.01,40.67,41.69,1382400
2026-08-12,SYM,42.49,42.65,40.96,41.19,1346500
2026-08-13,SYM,40.86,42.51,40.812,41.8,1204800
2026-08-14,SYM,42.005,42.87,41.8,42.7,961600
2026-08-17,SYM,43.06,43.88,42.135,42.35,1789700
2026-08-18,SYM,40.99,41.23,40.05,40.46,1556900
2026-08-19,SYM,40.56,42.38,39.67,42.02,2186200
2026-08-20,SYM,41.49,41.689,40.47,41.46,1701200
2026-08-21,SYM,41.99,42.75,41.58,41.83,2217800
2026-08-24,SYM,41.47,41.56,39.93,40.03,1495300
2026-08-25,SYM,40.8,41.11,39.84,40.41,1081000
2026-08-26,SYM,40.31,41.655,40.27,40.61,1007400
2026-08-27,SYM,41.11,42.15,40.53,41.14,1381700
2026-08-03,TCEHY,62.17,62.85,62.0,62.58,2826600
2026-08-04,TCEHY,61.75,62.88,61.72,62.78,2993600
2026-08-05,TCEHY,62.88,62.88,61.44,61.56,3464700
2026-08-06,TCEHY,61.3,61.4,60.7,60.73,2647300
2026-08-07,TCEHY,61.03,62.33,61.03,61.92,3208400
2026-08-10,TCEHY,61.42,61.69,61.21,61.52,2403700
2026-08-11,TCEHY,60.0,60.85,59.3,59.52,3613900
2026-08-12,TCEHY,58.34,58.35,55.8,56.28,6397600
2026-08-13,TCEHY,56.32,56.49,55.18,55.27,4480100
2026-08-14,TCEHY,56.2,56.53,55.64,56.5,3657600
2026-08-17,TCEHY,57.07,57.14,56.5,56.77,2897700
2026-08-18,TCEHY,56.45,56.57,55.95,56.39,2117500
2026-08-19,TCEHY,57.07,57.77,57.02,57.72,3555100
2026-08-20,TCEHY,57.0,57.89,56.78,57.17,3014400
2026-08-21,TCEHY,58.15,58.67,57.98,58.07,3403800
2026-08-24,TCEHY,56.33,57.2,56.28,57.09,4355700
2026-08-25,TCEHY,56.5,56.8,56.25,56.55,2948900
2026-08-26,TCEHY,56.82,57.18,56.32,56.46,3090300
2026-08-27,TCEHY,56.99,57.43,56.78,56.89,2525100
2026-08-03,TDG,1280.27,1291.49,1260.04,1285.5601,711600
2026-08-04,TDG,1355.6,1359.27,1233.11,1275.05,912300
2026-08-05,TDG,1271.51,1271.51,1234.24,1254.71,879100
2026-08-06,TDG,1264.08,1280.17,1250.73,1262.0699,551700
2026-08-07,TDG,1272.95,1273.0699,1220.42,1225.25,521600
2026-08-10,TDG,1230.0,1234.98,1212.17,1223.48,435800
2026-08-11,TDG,1225.0,1250.55,1221.08,1242.04,545100
2026-08-12,TDG,1244.6801,1251.0601,1234.01,1235.48,240800
2026-08-13,TDG,1242.0,1249.38,1216.67,1246.3101,380200
2026-08-14,TDG,1258.87,1265.76,1238.4,1256.9,438500
2026-08-17,TDG,1257.0,1257.1,1232.28,1237.8199,243300
2026-08-18,TDG,1238.21,1243.1801,1225.1801,1233.78,250800
2026-08-19,TDG,1235.0,1240.2,1220.35,1222.91,254100
2026-08-20,TDG,1219.61,1221.23,1179.95,1180.4,440400
2026-08-21,TDG,1188.04,1206.2,1185.14,1200.35,533800
2026-08-24,TDG,1199.88,1203.71,1187.85,1199.08,466600
2026-08-25,TDG,1211.33,1212.38,1183.74,1192.6,397800
2026-08-26,TDG,1202.0,1225.97,1197.39,1207.0601,432900
2026-08-27,TDG,1200.51,1201.15,1182.62,1186.48,226900
2026-08-03,TECH,72.14,72.2,72.07,72.14,3285600
2026-08-04,TECH,72.12,72.17,72.03,72.09,3040900
2026-08-05,TECH,72.14,72.15,71.93,72.0,1778400
2026-08-06,TECH,72.09,72.09,71.89,71.9,2315000
2026-08-07,TECH,72.0,72.32,71.96,72.29,5577400
2026-08-10,TECH,72.22,72.39,72.07,72.12,3337500
2026-08-11,TECH,72.2,72.35,72.0,72.15,3264100
2026-08-12,TECH,72.12,72.37,72.1,72.23,2359000
2026-08-13,TECH,72.21,72.31,72.06,72.17,1976200
2026-08-14,TECH,72.23,72.43,72.07,72.4,2014000
2026-08-17,TECH,72.1401,72.5397,72.1401,72.3099,2933300
2026-08-18,TECH,72.3299,72.4398,72.1401,72.1401,2555500
2026-08-19,TECH,72.3199,72.4797,72.2999,72.3998,2513900
2026-08-20,TECH,72.28,72.4298,72.1501,72.2,3540100
2026-08-21,TECH,72.24,72.27,72.1901,72.24,3958000
2026-08-24,TECH,72.29,72.42,72.27,72.39,2001600
2026-08-25,TECH,72.35,72.38,72.28,72.33,1898200
2026-08-26,TECH,72.33,72.4,72.33,72.38,1386300
2026-08-27,TECH,72.38,72.5,72.35,72.47,1683900
2026-08-03,TER,359.92,370.4,349.31,365.8,2698700
2026-08-04,TER,388.61,409.72,382.87,403.56,4144100
2026-08-05,TER,402.47,409.4,386.08,389.39,3183600
2026-08-06,TER,382.01,396.59,370.0,384.89,2629600
2026-08-07,TER,397.6,397.6,372.8,379.31,3737900
2026-08-10,TER,386.66,387.0,364.26,365.1,2377200
2026-08-11,TER,373.79,387.81,371.2,379.56,1810700
2026-08-12,TER,396.5,408.55,393.16,402.74,2957100
2026-08-13,TER,399.4,422.32,398.0,410.52,1880300
2026-08-14,TER,410.51,419.0,398.42,418.79,1842600
2026-08-17,TER,425.0,444.17,420.22,443.14,3107400
2026-08-18,TER,419.15,424.76,392.18,404.29,4293800
2026-08-19,TER,405.19,405.19,374.01,379.65,2765200
2026-08-20,TER,377.34,385.93,372.9,383.15,1995900
2026-08-21,TER,381.8,385.57,365.01,375.74,1907400
2026-08-24,TER,360.12,367.82,349.01,364.9,2661800
2026-08-25,TER,374.28,378.75,360.65,366.43,1679400
2026-08-26,TER,366.17,366.52,357.03,363.1,2218700
2026-08-27,TER,370.2,372.68,360.44,372.06,2445800
2026-07-30,TSLA,302.7,310.87,301.33,308.85,38005400
2026-07-31,TSLA,309.69,315.5,301.97,311.21,36630600
2026-08-03,TSLA,310.96,324.65,310.43,322.08,38281400
2026-08-04,TSLA,324.0,329.57,320.79,327.35,33318300
2026-08-05,TSLA,323.42,327.14,320.28,321.55,27820800
2026-08-06,TSLA,317.05,323.0,315.52,319.53,26033800
2026-08-07,TSLA,322.34,333.73,321.25,328.58,39370100
2026-08-10,TSLA,326.645,332.05,326.15,330.88,24364376
2026-08-03,TSM,400.59,407.44,398.2,406.11,12676900
2026-08-04,TSM,418.0,420.25,412.11,417.17,13929100
2026-08-05,TSM,419.32,426.3,413.07,414.0,12790400
2026-08-06,TSM,409.54,423.91,407.99,418.2,10628900
2026-08-07,TSM,424.79,424.79,413.1,420.04,9159600
2026-08-10,TSM,420.34,425.88,416.0,418.47,11776100
2026-08-11,TSM,424.2,424.9,418.87,422.06,9703600
2026-08-12,TSM,432.65,433.28,427.02,429.15,9534200
2026-08-13,TSM,429.15,436.04,428.39,430.49,8194000
2026-08-14,TSM,429.2,429.27,424.1,426.35,6324700
2026-08-17,TSM,429.97,435.71,426.8,430.97,9479400
2026-08-18,TSM,417.0,419.63,410.77,413.41,14030100
2026-08-19,TSM,418.13,419.6,407.88,412.09,8424700
2026-08-20,TSM,408.6,417.96,407.72,416.0,10447900
2026-08-21,TSM,423.02,425.68,416.7,418.95,8947200
2026-08-24,TSM,413.87,414.34,405.15,410.12,10645600
2026-08-25,TSM,414.59,419.77,414.03,417.41,7049800
2026-08-26,TSM,418.45,420.75,414.41,417.69,7449300
2026-08-27,TSM,423.02,429.64,420.53,427.3,12730200
2026-08-03,TT,455.77,463.22,453.43,461.21,1207900
2026-08-04,TT,461.72,474.7,455.85,472.24,1452300
2026-08-05,TT,477.02,488.79,468.64,483.58,1251200
2026-08-06,TT,485.19,488.68,478.15,478.66,824700
2026-08-07,TT,479.72,483.28,476.78,482.31,996500
2026-08-10,TT,485.53,486.01,476.79,476.99,706900
2026-08-11,TT,480.99,490.46,480.87,483.96,873900
2026-08-12,TT,486.16,493.71,478.16,478.55,829300
2026-08-13,TT,481.05,483.62,474.25,477.69,606200
2026-08-14,TT,477.64,481.26,474.86,480.2,552700
2026-08-17,TT,480.67,481.5,473.4,475.32,605900
2026-08-18,TT,470.22,471.04,461.29,463.37,740800
2026-08-19,TT,465.78,465.78,452.73,455.48,914200
2026-08-20,TT,454.5,456.82,450.4,451.1,791600
2026-08-21,TT,455.41,457.09,452.27,453.43,825700
2026-08-24,TT,453.55,455.2,444.87,452.96,1280600
2026-08-25,TT,458.36,460.99,452.17,455.25,1349700
2026-08-26,TT,458.33,465.18,455.33,463.4,1509800
2026-08-27,TT,464.11,465.56,453.51,454.31,839400
2026-08-03,TXN,272.83,273.34,264.74,269.04,8017300
2026-08-04,TXN,277.49,285.58,275.12,283.63,8978800
2026-08-05,TXN,280.9,284.13,276.5,277.72,5414400
2026-08-06,TXN,274.62,283.3,272.65,278.4,4795100
2026-08-07,TXN,283.74,286.17,280.97,286.08,7713700
2026-08-10,TXN,288.07,288.76,280.16,280.44,4210800
2026-08-11,TXN,284.82,285.89,278.62,281.24,4470100
2026-08-12,TXN,289.59,289.62,276.36,276.59,5904600
2026-08-13,TXN,277.16,279.97,272.78,273.43,5327700
2026-08-14,TXN,273.62,280.28,272.51,279.58,4762600
2026-08-17,TXN,280.0,286.21,279.0,282.91,5993600
2026-08-18,TXN,276.08,278.99,268.67,272.24,7931700
2026-08-19,TXN,274.1,277.37,266.39,267.45,6742800
2026-08-20,TXN,267.53,270.5,264.76,265.6,5277600
2026-08-21,TXN,269.79,269.79,261.63,264.36,5514300
2026-08-24,TXN,262.52,263.33,255.18,258.94,6610300
2026-08-25,TXN,262.78,262.78,256.97,260.05,4259100
2026-08-26,TXN,260.5,263.2,259.49,261.77,3793600
2026-08-27,TXN,262.6,267.48,261.1,266.54,5602900
2026-08-03,TXT,85.56,87.0,84.89,86.39,1735200
2026-08-04,TXT,87.12,89.47,85.57,89.12,1487800
2026-08-05,TXT,89.26,89.94,88.23,88.46,1599700
2026-08-06,TXT,88.96,89.61,87.67,87.89,1273800
2026-08-07,TXT,87.86,89.52,87.13,89.43,1233500
2026-08-10,TXT,89.3,90.25,88.91,89.2,1066200
2026-08-11,TXT,89.19,89.77,87.87,88.21,1746600
2026-08-12,TXT,88.46,89.89,87.26,88.89,1157900
2026-08-13,TXT,88.24,89.47,87.09,88.04,1421700
2026-08-14,TXT,88.42,89.21,87.55,89.0,1051800
2026-08-17,TXT,88.47,89.16,87.55,87.65,1253600
2026-08-18,TXT,87.78,88.24,86.93,87.13,904700
2026-08-19,TXT,87.38,87.97,86.09,86.29,1339300
2026-08-20,TXT,85.5,86.36,84.33,84.37,1322400
2026-08-21,TXT,85.08,85.08,82.68,82.95,1827800
2026-08-24,TXT,83.05,83.76,82.0,82.13,1247900
2026-08-25,TXT,82.9,83.39,81.7,81.8,1151500
2026-08-26,TXT,82.39,83.46,81.93,83.31,1303900
2026-08-27,TXT,82.9,83.08,81.95,82.35,1533200
2026-08-03,UL,63.7934,64.0116,63.1389,63.2678,7821700
2026-08-04,UL,63.0794,63.6546,62.9406,63.5455,4140200
2026-08-05,UL,63.8331,64.1405,63.3769,63.8926,3684400
2026-08-06,UL,63.8331,63.9818,62.9406,63.129,2436700
2026-08-07,UL,63.05,63.49,62.74,62.96,2743200
2026-08-10,UL,62.55,62.86,62.03,62.86,1973300
2026-08-11,UL,62.22,62.58,62.13,62.37,2187300
2026-08-12,UL,61.57,61.93,61.42,61.72,2381600
2026-08-13,UL,62.27,62.75,62.17,62.68,2076400
2026-08-14,UL,62.38,62.61,62.05,62.09,2007900
2026-08-17,UL,61.17,61.42,60.98,61.23,3650600
2026-08-18,UL,61.57,62.31,61.49,62.03,5287500
2026-08-19,UL,62.5,63.26,62.41,63.18,4504900
2026-08-20,UL,63.3,63.75,63.13,63.4,3541000
2026-08-21,UL,63.31,64.18,63.22,64.14,2643400
2026-08-24,UL,64.43,65.34,64.43,65.32,2961200
2026-08-25,UL,64.42,65.35,64.32,65.15,5051200
2026-08-26,UL,65.58,65.63,64.93,64.96,4089100
2026-08-27,UL,64.17,64.82,63.99,64.42,4323800
2026-08-03,UNH,417.43,419.34,413.32,415.36,3209600
2026-08-04,UNH,415.56,416.0,406.67,407.55,5266300
2026-08-05,UNH,403.19,416.36,397.8,412.75,5399000
2026-08-06,UNH,415.27,416.97,402.4,403.97,4712400
2026-08-07,UNH,401.59,410.64,400.66,407.08,4095900
2026-08-10,UNH,408.6,413.07,407.99,408.74,3182200
2026-08-11,UNH,409.0,410.9,401.32,402.19,3398900
2026-08-12,UNH,400.98,407.2,400.5,405.59,3317200
2026-08-13,UNH,405.59,407.32,398.59,399.06,4170200
2026-08-14,UNH,398.0,403.18,396.56,401.73,3476400
2026-08-17,UNH,398.57,398.9,391.43,395.62,5295100
2026-08-18,UNH,397.43,398.79,393.51,393.93,3605100
2026-08-19,UNH,394.57,396.8,386.33,388.61,5268500
2026-08-20,UNH,388.25,392.71,383.83,384.85,4497200
2026-08-21,UNH,386.0,393.66,386.0,390.11,4879600
2026-08-24,UNH,391.04,399.58,390.86,398.76,4683900
2026-08-25,UNH,397.8,399.03,395.62,396.59,2655000
2026-08-26,UNH,396.33,406.25,396.01,401.01,3557000
2026-08-27,UNH,396.87,399.88,393.77,395.05,3668200
2026-08-03,V,368.5,371.97,364.35,365.67,5521300
2026-08-04,V,361.0892,370.4218,359.4223,368.9047,7497500
2026-08-05,V,371.6096,371.7095,366.04,367.8566,6065300
2026-08-06,V,368.8847,370.4119,364.5727,369.7831,5022300
2026-08-07,V,367.8267,369.5634,360.8496,361.8278,5112500
2026-08-10,V,361.3288,363.4947,358.2046,360.65,7552200
2026-08-11,V,360.98,364.55,359.97,362.82,4440900
2026-08-12,V,361.0,363.35,358.31,359.42,3794200
2026-08-13,V,363.7,365.45,358.71,365.45,8142600
2026-08-14,V,365.89,366.8,362.76,364.15,8106900
2026-08-17,V,362.84,363.56,358.52,358.84,15543400
2026-08-18,V,359.62,365.91,358.05,364.25,6820300
2026-08-19,V,364.09,370.64,362.9,365.54,5866400
2026-08-20,V,365.1,368.93,363.63,365.73,6151500
2026-08-21,V,367.87,371.8,366.66,371.04,6667100
2026-08-24,V,373.26,383.43,372.21,382.41,8477500
2026-08-25,V,381.21,384.2,380.27,384.14,6777600
2026-08-26,V,384.14,385.57,381.08,383.9,6075100
2026-08-27,V,381.14,381.77,378.5,379.66,6641500
2026-08-03,VALE,14.84,14.85,14.5,14.58,30705800
2026-08-04,VALE,15.0,15.06,14.79,14.83,22049500
2026-08-05,VALE,14.75,14.98,14.69,14.94,33258300
2026-08-06,VALE,14.4964,14.5839,14.3117,14.3117,22366700
2026-08-07,VALE,14.4575,14.477,14.2047,14.302,24283500
2026-08-10,VALE,14.37,14.4964,14.2242,14.477,19198700
2026-08-11,VALE,14.5547,14.5645,13.845,13.9228,28057900
2026-08-12,VALE,14.1269,14.1464,13.9908,14.02,18710300
2026-08-13,VALE,13.97,14.02,13.74,13.8,21853200
2026-08-14,VALE,13.66,13.74,13.56,13.63,20783000
2026-08-17,VALE,13.65,13.8,13.59,13.75,10426400
2026-08-18,VALE,13.66,13.98,13.65,13.68,18233200
2026-08-19,VALE,14.19,14.28,13.86,13.9,25897100
2026-08-20,VALE,13.73,14.28,13.73,14.23,39802100
2026-08-21,VALE,14.5,14.69,14.42,14.59,27465400
2026-08-24,VALE,14.63,15.22,14.62,15.04,49764700
2026-08-25,VALE,15.01,15.33,14.91,15.33,19211500
2026-08-26,VALE,15.37,15.41,15.13,15.16,19570500
2026-08-27,VALE,15.17,15.35,15.06,15.31,29833100
2026-08-03,VRTX,480.0,483.36,468.14,470.72,1510500
2026-08-04,VRTX,471.29,488.04,465.51,478.71,2026400
2026-08-05,VRTX,487.52,491.95,479.02,484.83,1382900
2026-08-06,VRTX,490.91,492.4,480.86,484.03,1015000
2026-08-07,VRTX,487.11,497.4,482.1,496.07,992400
2026-08-10,VRTX,539.5,546.17,519.82,523.91,2682200
2026-08-11,VRTX,525.02,532.23,522.01,529.65,1065400
2026-08-12,VRTX,527.0,531.22,520.08,525.73,1047000
2026-08-13,VRTX,528.68,529.0,515.74,516.44,863500
2026-08-14,VRTX,511.41,513.64,502.29,505.75,1130500
2026-08-17,VRTX,503.87,517.84,502.53,515.55,1111200
2026-08-18,VRTX,520.0,533.78,517.34,528.19,1497000
2026-08-19,VRTX,537.47,553.69,532.55,552.06,1437300
2026-08-20,VRTX,543.78,548.99,538.27,540.26,1062300
2026-08-21,VRTX,545.1,555.32,540.7,548.05,1074900
2026-08-24,VRTX,548.98,550.62,542.42,547.59,767400
2026-08-25,VRTX,545.53,555.69,543.75,552.85,775000
2026-08-26,VRTX,549.84,553.47,546.24,547.29,834100
2026-08-27,VRTX,540.08,550.83,540.08,547.55,843900
2026-07-30,VWCE.DE,161.28,162.54,160.78,162.02,331589
2026-07-31,VWCE.DE,163.74,164.36,162.46,162.96,278452
2026-08-03,VWCE.DE,164.42,165.12,163.7,165.1,522525
2026-08-04,VWCE.DE,166.08,167.54,165.64,167.54,176956
2026-08-05,VWCE.DE,168.5,168.96,167.84,168.04,282749
2026-08-06,VWCE.DE,167.7,168.18,167.34,167.84,146241
2026-08-07,VWCE.DE,167.92,168.5,167.76,168.38,284128
2026-08-10,VWCE.DE,168.54,168.66,168.2,168.48,208912
2026-08-11,VWCE.DE,168.5,169.0,168.4,168.48,178526
2026-08-12,VWCE.DE,168.58,169.16,168.48,168.8,200496
2026-08-13,VWCE.DE,169.26,170.12,169.12,169.62,206701
2026-08-14,VWCE.DE,169.72,169.82,168.86,168.88,268384
2026-08-17,VWCE.DE,169.26,169.34,168.84,169.06,374581
2026-08-18,VWCE.DE,167.84,167.96,166.84,166.9,384969
2026-08-19,VWCE.DE,166.6,167.2,166.18,166.5,194370
2026-08-20,VWCE.DE,166.3,166.4,164.98,165.66,287791
2026-08-21,VWCE.DE,165.62,166.3,165.6,166.3,221581
2026-08-24,VWCE.DE,165.66,166.06,165.26,165.62,332719
2026-08-25,VWCE.DE,166.34,166.7,165.84,166.3,207202
2026-08-26,VWCE.DE,166.62,166.98,166.34,166.54,212635
2026-08-27,VWCE.DE,,,,,222244
2026-08-03,WIT,2.02,2.07,2.01,2.05,9668300
2026-08-04,WIT,2.03,2.08,2.01,2.05,8491800
2026-08-05,WIT,2.04,2.06,1.99,2.0,4379400
2026-08-06,WIT,1.98,2.04,1.96,1.99,5410500
2026-08-07,WIT,2.01,2.03,1.99,2.02,8205000
2026-08-10,WIT,1.99,2.01,1.97,1.99,3142900
2026-08-11,WIT,1.98,2.0,1.96,1.97,3196900
2026-08-12,WIT,1.96,1.98,1.92,1.95,4735200
2026-08-13,WIT,1.96,1.98,1.92,1.96,3803900
2026-08-14,WIT,1.97,1.97,1.93,1.94,2059300
2026-08-17,WIT,1.93,1.95,1.9,1.91,3617800
2026-08-18,WIT,1.89,1.93,1.89,1.91,5328300
2026-08-19,WIT,1.9,1.97,1.9,1.95,8465200
2026-08-20,WIT,1.94,1.96,1.89,1.91,4409400
2026-08-21,WIT,1.91,1.93,1.87,1.89,6190600
2026-08-24,WIT,1.89,1.92,1.86,1.88,5636700
2026-08-25,WIT,1.88,1.89,1.86,1.88,2407500
2026-08-26,WIT,1.85,1.89,1.82,1.83,4666200
2026-08-27,WIT,1.84,1.86,1.78,1.8,14679100
2026-08-03,WM,227.02,228.07,223.83,226.43,2213000
2026-08-04,WM,224.89,226.05,222.16,225.25,3077900
2026-08-05,WM,226.05,226.44,222.42,224.31,2132500
2026-08-06,WM,226.94,229.33,222.77,229.01,2872900
2026-08-07,WM,227.38,231.56,226.7,227.68,1684600
2026-08-10,WM,227.18,227.89,225.56,226.6,1505200
2026-08-11,WM,225.68,228.98,225.68,226.85,1308300
2026-08-12,WM,225.05,228.39,223.46,226.32,1380600
2026-08-13,WM,227.59,228.37,224.15,224.21,2253700
2026-08-14,WM,225.31,225.93,223.7,224.55,1524800
2026-08-17,WM,223.71,225.26,223.0,224.02,1828700
2026-08-18,WM,227.44,228.16,223.5,223.58,2125600
2026-08-19,WM,224.85,228.72,222.25,225.08,1918400
2026-08-20,WM,224.83,226.3,224.11,224.92,1719300
2026-08-21,WM,225.08,225.29,223.4,224.06,1820300
2026-08-24,WM,225.09,227.76,225.08,226.46,1606800
2026-08-25,WM,225.22,226.26,222.01,222.13,2278000
2026-08-26,WM,221.38,223.5,220.35,221.24,2467200
2026-08-27,WM,219.5,220.14,217.42,217.76,2276700
2026-08-03,WMT,113.1,113.29,110.16,110.71,23942500
2026-08-04,WMT,109.01,111.68,108.56,111.55,29620000
2026-08-05,WMT,112.45,113.16,111.36,112.34,21446300
2026-08-06,WMT,114.07,114.56,111.04,112.07,23203100
2026-08-07,WMT,110.61,112.29,110.5,111.85,18819300
2026-08-10,WMT,111.08,112.7,110.76,112.66,19144000
2026-08-11,WMT,112.44,113.34,112.19,113.26,17005800
2026-08-12,WMT,112.37,116.05,112.28,116.01,22054700
2026-08-13,WMT,116.17,116.32,114.81,115.72,16822200
2026-08-14,WMT,115.3838,116.1719,114.3662,114.9947,14520000
2026-08-17,WMT,114.0569,114.9049,113.6479,114.0569,18131100
2026-08-18,WMT,116.0222,116.0322,114.2066,114.9249,20675000
2026-08-19,WMT,114.9149,116.5909,113.7178,114.027,34286600
2026-08-20,WMT,106.1259,106.7445,102.6044,103.592,83633100
2026-08-21,WMT,103.69,104.28,102.15,103.7,44454200
2026-08-24,WMT,104.14,106.6,104.0,106.49,35616300
2026-08-25,WMT,105.58,106.07,104.4,105.38,27032500
2026-08-26,WMT,105.51,106.09,104.08,104.34,28409400
2026-08-27,WMT,103.61,103.75,102.27,102.63,29759100
2026-08-03,XEL,78.06,78.75,76.92,77.69,5178100
2026-08-04,XEL,77.53,77.94,76.45,77.75,4676400
2026-08-05,XEL,77.82,77.91,76.59,77.2,5968200
2026-08-06,XEL,77.98,78.12,76.44,76.97,5379800
2026-08-07,XEL,76.69,78.2,76.08,78.07,5083000
2026-08-10,XEL,77.69,78.03,76.39,76.87,4345600
2026-08-11,XEL,76.48,77.88,76.48,77.66,3709600
2026-08-12,XEL,77.66,78.64,77.66,78.6,3417600
2026-08-13,XEL,78.96,79.45,78.61,78.98,3845400
2026-08-14,XEL,78.95,79.33,78.73,79.17,2580900
2026-08-17,XEL,78.78,79.24,78.41,79.21,2848700
2026-08-18,XEL,80.1,80.81,79.08,79.17,5634000
2026-08-19,XEL,79.6,79.91,78.52,79.41,5012600
2026-08-20,XEL,79.18,79.91,78.67,78.71,5248300
2026-08-21,XEL,78.95,79.48,76.2,76.3,6760600
2026-08-24,XEL,76.43,77.44,76.12,77.33,5475100
2026-08-25,XEL,77.33,77.61,76.99,77.19,4024800
2026-08-26,XEL,77.22,77.91,77.03,77.68,4554700
2026-08-27,XEL,77.0,77.34,76.67,77.16,4389600
2026-08-03,XOM,153.46,155.91,152.65,155.06,14532800
2026-08-04,XOM,151.62,154.84,149.09,153.96,14347900
2026-08-05,XOM,155.04,155.04,151.15,151.63,12227500
2026-08-06,XOM,154.22,154.87,151.84,154.84,11879100
2026-08-07,XOM,152.64,153.67,151.53,153.04,18455200
2026-08-10,XOM,153.506,159.3383,153.4564,158.762,19761600
2026-08-11,XOM,158.6328,160.6299,158.2453,158.7719,13744500
2026-08-12,XOM,157.53,159.1992,156.5463,158.7222,13219500
2026-08-13,XOM,157.0133,158.7322,156.4172,157.5896,10542800
2026-08-14,XOM,158.6825,160.2225,158.2255,159.07,10231300
2026-08-17,XOM,160.1,162.51,159.09,161.46,12858100
2026-08-18,XOM,164.35,165.67,163.25,165.56,18952700
2026-08-19,XOM,166.07,168.21,164.66,164.77,13648900
2026-08-20,XOM,167.02,168.64,166.07,166.15,13803000
2026-08-21,XOM,166.54,168.0,164.61,165.11,14314300
2026-08-24,XOM,163.87,165.22,162.25,164.05,10842500
2026-08-25,XOM,161.45,162.81,160.46,160.64,17525300
2026-08-26,XOM,158.0,161.13,157.76,158.19,14838400
2026-08-27,XOM,157.63,158.19,156.14,156.44,14288500
2026-08-03,ZS,153.74,155.88,151.21,154.46,2657200
2026-08-04,ZS,153.8,163.47,153.74,163.22,2516200
2026-08-05,ZS,164.23,166.93,160.88,161.65,1957700
2026-08-06,ZS,155.75,163.0,155.54,162.6,1721300
2026-08-07,ZS,167.99,169.775,165.0,168.68,2083300
2026-08-10,ZS,168.74,177.93,168.0,176.68,3429300
2026-08-11,ZS,175.45,180.8,172.283,178.55,2409100
2026-08-12,ZS,174.23,178.86,173.52,177.32,1843100
2026-08-13,ZS,179.1,188.84,177.02,188.18,2297200
2026-08-14,ZS,190.0,190.9,183.32,183.6,2249300
2026-08-17,ZS,188.375,190.3,182.805,184.44,2618900
2026-08-18,ZS,185.29,190.97,184.44,185.7,2272500
2026-08-19,ZS,186.7,188.73,181.69,184.6,1501100
2026-08-20,ZS,183.83,184.98,174.6,174.95,2133900
2026-08-21,ZS,175.23,182.01,172.45,181.745,1685700
2026-08-24,ZS,180.0,181.5,175.6,176.06,1427700
2026-08-25,ZS,175.0,176.81,166.66,168.42,2046600
2026-08-26,ZS,161.055,170.94,160.13,170.31,2161900
2026-08-27,ZS,179.12,190.0,177.04,187.3,3989900
